date,home_team,away_team,home_avg_gf_5,home_avg_ga_5,home_avg_gd_5,home_ppg_5,away_avg_gf_5,away_avg_ga_5,away_avg_gd_5,away_ppg_5,home_avg_gf_10,home_avg_ga_10,home_ppg_10,away_avg_gf_10,away_avg_ga_10,away_ppg_10,home_ppg_delta_5v10,home_gf_delta_5v10,away_ppg_delta_5v10,away_gf_delta_5v10,home_home_avg_gf_5,home_home_avg_ga_5,home_home_ppg_5,away_away_avg_gf_5,away_away_avg_ga_5,away_away_ppg_5,home_clean_sheet_rate_5,away_clean_sheet_rate_5,home_scored_rate_5,away_scored_rate_5,home_opp_avg_ppg_5,away_opp_avg_ppg_5,days_since_last_match_home,days_since_last_match_away,h2h_home_points_avg,h2h_goal_diff_avg,ppg_diff_5,gf_diff_5,ga_diff_5,venue_ppg_diff_5,attack_vs_defense_home,attack_vs_defense_away,attack_balance_diff,scored_rate_diff_5,clean_sheet_diff_5,rest_diff_days,home_elo,away_elo,elo_diff,result,target
2024-01-27,Manchester United,Leeds,0.3333,1.3333,-1.0,0.0,0.3333,0.3333,0.0,1.3333,0.3333,1.3333,0.0,0.3333,0.3333,1.3333,0.0,0.0,0.0,0.0,0.0,0.0,0.0,1.0,0.0,3.0,0.0,0.6667,0.3333,0.3333,0.3333,1.3333,5.0,2.0,1.0,0.0,-1.3333,0.0,-1.0,-3.0,0.0,-1.0,1.0,0.0,-0.6667,3.0,1470.58,1500.85,-30.27,AwayWin,2
2024-01-30,Brentford,Tottenham,1.2,1.2,0.0,1.4,1.6667,1.0,0.6667,2.3333,1.2,1.2,1.4,1.6667,1.0,2.3333,0.0,0.0,0.0,0.0,0.0,0.0,0.0,0.0,0.0,0.0,0.4,0.0,1.0,1.0,1.8,1.5,2.0,12.0,0.5,-0.5,-0.9333,-0.4667,-0.2,0.0,0.2,0.4667,-0.2667,0.0,0.4,-10.0,1500.87,1519.7,-18.83,HomeWin,0
2024-02-01,Tottenham,Brentford,1.25,1.25,0.0,1.75,1.4,1.2,0.2,1.4,1.25,1.25,1.75,1.3333,1.0,1.6667,0.0,0.0,-0.2667,0.0667,1.6667,1.0,2.3333,1.2,1.2,1.4,0.0,0.4,0.75,1.0,1.475,2.2667,2.0,2.0,1.3333,-0.3333,0.35,-0.15,-0.05,0.9333,0.05,0.15,-0.1,-0.25,-0.4,0.0,1509.16,1511.41,-2.25,HomeWin,0
2024-02-02,Wolves,Arsenal,1.25,1.5,-0.25,0.75,0.6667,1.0,-0.3333,0.6667,1.25,1.5,0.75,0.6667,1.0,0.6667,0.0,0.0,0.0,0.0,2.0,2.0,1.0,1.0,1.0,1.0,0.0,0.0,1.0,0.6667,1.0,0.5,23.0,8.0,1.0,0.0,0.0833,0.5833,-0.5,0.0,0.25,-0.8333,1.0833,0.3333,0.0,15.0,1491.11,1489.72,1.39,Draw,1
2024-02-04,Southampton,Chelsea,1.75,1.25,0.5,2.25,1.0,0.6667,0.3333,1.6667,1.75,1.25,2.25,1.0,0.6667,1.6667,0.0,0.0,0.0,0.0,1.75,1.25,2.25,1.0,1.0,1.0,0.25,0.3333,1.0,1.0,0.5,0.8889,1.0,6.0,1.0,0.0,0.5833,0.75,-0.5833,1.25,1.0833,-0.25,1.3333,0.0,-0.0833,-5.0,1519.46,1509.99,9.47,HomeWin,0
2024-02-06,Wolves,Manchester City,1.4,1.6,-0.2,0.8,1.2,1.4,-0.2,0.8,1.4,1.6,0.8,1.1667,1.3333,0.8333,0.0,0.0,-0.0333,0.0333,2.0,2.0,1.0,1.5,2.0,0.5,0.0,0.0,1.0,1.0,0.9333,1.0,4.0,6.0,1.0,0.0,0.0,0.2,-0.2,0.5,0.0,-0.4,0.4,0.0,0.0,-2.0,1491.07,1490.04,1.03,Draw,1
2024-02-11,Bournemouth,Arsenal,0.6667,1.3333,-0.6667,0.3333,1.0,1.25,-0.25,0.75,0.6667,1.3333,0.3333,1.0,1.25,0.75,0.0,0.0,0.0,0.0,1.0,1.0,1.0,1.5,1.5,1.0,0.0,0.0,0.6667,0.75,1.9167,0.5625,4.0,9.0,1.0,0.0,-0.4167,-0.3333,-0.0833,0.0,-0.5833,-0.3333,-0.25,-0.0833,0.0,-5.0,1481.39,1489.76,-8.37,HomeWin,0
2024-02-12,Manchester United,Brighton,0.25,1.25,-1.0,0.0,1.6667,0.6667,1.0,2.3333,0.25,1.25,0.0,1.6667,0.6667,2.3333,0.0,0.0,0.0,0.0,0.0,1.0,0.0,1.0,1.0,1.0,0.0,0.3333,0.25,1.0,0.5833,1.0,16.0,4.0,0.0,-1.0,-2.3333,-1.4167,-0.5833,-1.0,-0.4167,0.4167,-0.8334,-0.75,-0.3333,12.0,1461.45,1519.71,-58.26,HomeWin,0
2024-02-13,Newcastle,Brighton,0.8,1.2,-0.4,1.0,1.5,1.0,0.5,1.75,0.8,1.2,1.0,1.5,1.0,1.75,0.0,0.0,0.0,0.0,1.0,1.0,1.0,1.0,1.5,0.5,0.2,0.25,0.6,1.0,0.2,0.75,25.0,1.0,1.0,0.0,-0.75,-0.7,-0.2,0.5,-0.2,0.3,-0.5,-0.4,-0.05,24.0,1488.92,1508.05,-19.13,HomeWin,0
2024-02-14,Brentford,Brighton,1.2,1.0,0.2,1.4,1.2,1.2,0.0,1.4,1.1429,1.0,1.4286,1.2,1.2,1.4,-0.0286,0.0571,0.0,0.0,2.0,0.0,3.0,0.6667,1.6667,0.3333,0.4,0.2,0.8,0.8,2.6167,0.8,13.0,1.0,1.0,0.0,0.0,0.0,0.2,2.6667,0.0,0.2,-0.2,0.0,0.2,12.0,1501.35,1497.5,3.85,Draw,1
2024-02-15,Brentford,Southampton,1.2,1.0,0.2,1.4,1.8,1.0,0.8,2.4,1.125,1.0,1.375,1.8,1.0,2.4,0.025,0.075,0.0,0.0,1.5,0.5,2.0,0.0,0.0,0.0,0.4,0.4,0.8,1.0,2.2967,0.7333,1.0,11.0,1.0,0.0,-1.0,-0.6,0.0,2.0,0.2,0.8,-0.6,-0.2,0.0,-10.0,1501.24,1529.19,-27.95,HomeWin,0
2024-02-16,Southampton,Chelsea,1.8,1.0,0.8,2.4,0.75,1.0,-0.25,1.25,1.6667,1.1667,2.0,0.75,1.0,1.25,0.4,0.1333,0.0,0.0,1.8,1.0,2.4,0.6667,1.3333,0.6667,0.4,0.25,1.0,0.75,1.0133,1.2292,1.0,12.0,3.0,2.0,1.15,1.05,0.0,1.7333,0.8,-0.25,1.05,0.25,0.15,-11.0,1518.39,1500.26,18.13,Draw,1
2024-02-17,Chelsea,Leicester,0.8,1.0,-0.2,1.2,1.0,1.0,0.0,2.0,0.8,1.0,1.2,1.0,1.0,2.0,0.0,0.0,0.0,0.0,1.0,0.0,3.0,0.0,0.0,0.0,0.2,0.3333,0.8,0.6667,1.4633,1.2222,1.0,7.0,1.0,0.0,-0.8,-0.2,0.0,3.0,-0.2,0.0,-0.2,0.1333,-0.1333,-6.0,1500.78,1509.69,-8.91,AwayWin,2
2024-02-18,Brentford,Manchester United,1.4,0.6,0.8,2.0,0.6,1.2,-0.6,0.6,1.2222,1.0,1.5556,0.6,1.2,0.6,0.4444,0.1778,0.0,0.0,1.6667,0.6667,2.3333,0.3333,1.3333,0.0,0.4,0.0,0.8,0.4,2.1767,0.9333,3.0,6.0,1.0,0.0,1.4,0.8,0.6,2.3333,0.2,0.0,0.2,0.4,0.4,-3.0,1512.04,1473.11,38.93,Draw,1
2024-02-19,Tottenham,Everton,1.2,1.0,0.2,2.0,1.25,1.25,0.0,1.25,1.2,1.0,2.0,1.25,1.25,1.25,0.0,0.0,0.0,0.0,1.5,0.75,2.5,0.0,1.0,0.0,0.2,0.0,0.8,0.75,1.46,0.6667,18.0,24.0,1.0,0.0,0.75,-0.05,0.25,2.5,-0.05,0.25,-0.3,0.05,0.2,-6.0,1519.22,1499.67,19.55,HomeWin,0
2024-02-22,Newcastle,Wolves,0.8,1.0,-0.2,1.0,1.0,1.4,-0.4,0.8,1.0,1.0,1.3333,1.1429,1.5714,0.7143,-0.3333,-0.2,0.0857,-0.1429,1.5,0.5,2.0,0.75,1.5,0.5,0.4,0.0,0.6,0.8,0.55,0.8933,9.0,14.0,1.0,0.0,0.2,-0.2,0.4,1.5,-0.6,0.0,-0.6,-0.2,0.4,-5.0,1499.47,1481.59,17.88,HomeWin,0
2024-02-23,Southampton,Everton,1.8,1.2,0.6,2.0,1.2,1.4,-0.2,1.0,1.5714,1.1429,1.8571,1.2,1.4,1.0,0.1429,0.2286,0.0,0.0,1.8,0.8,2.6,0.5,1.5,0.0,0.2,0.0,1.0,0.8,1.2633,0.9333,7.0,4.0,1.0,0.0,1.0,0.6,0.2,2.6,0.4,0.0,0.4,0.2,0.2,3.0,1517.87,1490.23,27.64,HomeWin,0
2024-02-24,Brighton,Chelsea,0.8,1.2,-0.4,0.8,0.6,1.0,-0.4,1.0,1.0,1.1429,1.1429,0.6667,1.0,1.0,-0.3429,-0.2,0.0,-0.0667,2.0,0.5,3.0,0.75,1.25,0.75,0.2,0.2,0.6,0.6,0.98,1.8633,4.0,7.0,1.0,0.0,-0.2,0.2,-0.2,2.25,-0.2,-0.6,0.4,0.0,0.0,-3.0,1487.66,1491.04,-3.38,HomeWin,0
2024-02-25,Wolves,Leeds,1.0,1.6,-0.6,0.6,0.6,0.4,0.2,2.0,1.125,1.625,0.625,0.5,0.5,1.6667,-0.025,-0.125,0.3333,0.1,1.6667,1.6667,1.0,0.6667,0.6667,2.0,0.0,0.8,0.8,0.6,0.8933,1.5,3.0,16.0,1.0,0.0,-1.4,0.4,-1.2,-1.0,0.6,-1.0,1.6,0.2,-0.8,-13.0,1472.1,1509.44,-37.34,HomeWin,0
2024-02-26,Southampton,Newcastle,1.8,0.8,1.0,2.0,1.2,1.2,0.0,1.4,1.75,1.0,2.0,1.1429,1.0,1.5714,0.0,0.05,-0.1714,0.0571,2.2,0.8,2.6,0.75,1.25,1.0,0.4,0.2,1.0,0.8,1.2633,0.71,3.0,4.0,0.0,-1.0,0.6,0.6,0.4,1.6,0.6,0.4,0.2,0.2,0.2,-1.0,1527.08,1508.96,18.12,Draw,1
2024-02-28,Manchester United,Newcastle,0.6,1.0,-0.4,0.8,1.2,1.2,0.0,1.4,0.6667,1.1667,0.6667,1.125,1.0,1.5,0.1333,-0.0667,-0.1,0.075,1.0,1.0,1.5,0.8,1.2,1.0,0.0,0.2,0.4,0.8,1.1333,1.11,10.0,2.0,1.0,0.0,-0.6,-0.6,0.2,0.5,-0.6,0.2,-0.8,-0.4,-0.2,8.0,1474.23,1509.48,-35.25,Draw,1
2024-02-29,Southampton,Arsenal,1.6,0.8,0.8,1.6,0.8,1.4,-0.6,0.6,1.6667,1.0,1.8889,0.8,1.4,0.6,-0.2889,-0.0667,0.0,0.0,1.8,0.6,2.2,1.0,1.6667,0.6667,0.4,0.0,1.0,0.6,1.3433,0.5167,3.0,18.0,1.0,0.0,1.0,0.8,0.6,1.5333,0.2,0.0,0.2,0.4,0.4,-15.0,1526.56,1479.52,47.04,HomeWin,0
2024-03-01,Everton,Crystal Palace,1.0,1.8,-0.8,0.8,0.6667,0.6667,0.0,1.3333,1.0,1.6667,0.8333,0.6667,0.6667,1.3333,-0.0333,0.0,0.0,0.0,1.6667,1.3333,1.6667,0.0,1.0,0.0,0.0,0.3333,0.6,0.6667,1.3333,0.9722,7.0,9.0,1.0,0.0,-0.5333,0.3333,-1.1333,1.6667,0.3333,-1.1333,1.4666,-0.0667,-0.3333,-2.0,1481.02,1500.6,-19.58,Draw,1
2024-03-02,Liverpool,West Ham,1.5,1.5,0.0,1.25,1.3333,0.3333,1.0,2.3333,1.5,1.5,1.25,1.3333,0.3333,2.3333,0.0,0.0,0.0,0.0,2.0,1.0,3.0,1.0,1.0,1.0,0.0,0.6667,1.0,1.0,0.375,1.6667,21.0,4.0,1.0,0.0,-1.0833,0.1667,-1.1667,2.0,1.1667,-0.1667,1.3334,0.0,-0.6667,17.0,1498.6,1519.73,-21.13,AwayWin,2
2024-03-03,Aston Villa,West Ham,0.6667,0.6667,0.0,2.0,1.5,0.5,1.0,2.5,0.6667,0.6667,2.0,1.5,0.5,2.5,0.0,0.0,0.0,0.0,1.0,0.0,3.0,1.5,1.0,2.0,0.6667,0.5,0.6667,1.0,0.8,1.5625,12.0,1.0,0.0,-2.0,-0.5,-0.8333,-0.1667,1.0,0.1667,0.8333,-0.6666,-0.3333,0.1667,11.0,1509.38,1529.12,-19.74,Draw,1
2024-03-04,Liverpool,Crystal Palace,1.4,1.6,-0.2,1.0,1.0,1.0,0.0,1.25,1.4,1.6,1.0,1.0,1.0,1.25,0.0,0.0,0.0,0.0,1.5,1.5,1.5,1.0,1.5,0.5,0.0,0.25,1.0,0.75,0.7667,0.9292,2.0,3.0,1.0,0.0,-0.25,0.4,-0.6,1.0,0.4,-0.6,1.0,0.25,-0.25,-1.0,1489.21,1500.04,-10.83,Draw,1
2024-03-06,Brentford,Aston Villa,1.2,0.8,0.4,1.6,0.75,0.75,0.0,1.75,1.2,1.0,1.5,0.75,0.75,1.75,0.1,0.0,0.0,0.0,1.5,0.75,2.0,0.0,2.0,0.0,0.2,0.5,0.8,0.75,1.6967,1.225,17.0,3.0,1.0,0.0,-0.15,0.45,-0.05,2.0,0.45,-0.05,0.5,0.05,-0.3,14.0,1510.92,1509.95,0.97,HomeWin,0
2024-03-07,Aston Villa,Manchester City,0.6,0.8,-0.2,1.4,1.2,1.4,-0.2,0.8,0.6,0.8,1.4,1.1429,1.2857,0.8571,0.0,0.0,-0.0571,0.0571,1.0,0.3333,2.3333,1.3333,1.6667,0.6667,0.4,0.0,0.6,1.0,1.3,1.06,1.0,30.0,1.0,0.0,0.6,-0.6,0.6,1.6666,-0.8,0.4,-1.2,-0.4,0.4,-29.0,1499.98,1490.07,9.91,AwayWin,2
2024-03-08,Crystal Palace,Bournemouth,1.0,1.0,0.0,1.2,0.8,1.0,-0.2,0.8,1.0,1.0,1.2,0.8,1.0,0.8,0.0,0.0,0.0,0.0,1.0,0.5,2.0,0.3333,1.3333,0.0,0.2,0.2,0.8,0.6,0.9433,1.7,4.0,10.0,1.0,0.0,0.4,0.2,0.0,2.0,0.0,-0.2,0.2,0.2,0.0,-6.0,1499.73,1482.17,17.56,Draw,1
2024-03-09,Fulham,Crystal Palace,1.3333,1.3333,0.0,1.3333,1.0,1.0,0.0,1.2,1.3333,1.3333,1.3333,1.0,1.0,1.1667,0.0,0.0,0.0333,0.0,1.0,0.0,3.0,1.0,1.3333,0.6667,0.3333,0.2,1.0,0.8,1.6667,0.97,4.0,1.0,1.0,0.0,0.1333,0.3333,-0.3333,2.3333,0.3333,-0.3333,0.6666,0.2,0.1333,3.0,1500.36,1499.23,1.13,Draw,1
2024-03-10,Brighton,Crystal Palace,0.8,1.4,-0.6,0.8,1.2,1.0,0.2,1.4,1.125,1.125,1.375,1.0,1.0,1.1429,-0.575,-0.325,0.2571,0.2,2.0,0.6667,3.0,1.0,1.25,0.75,0.0,0.2,0.6,1.0,0.98,1.2367,15.0,1.0,1.0,0.0,-0.6,-0.4,-0.4,2.25,-0.2,-0.2,0.0,-0.4,-0.2,14.0,1497.76,1499.26,-1.5,HomeWin,0
2024-03-11,Southampton,Liverpool,1.6,1.0,0.6,1.6,1.2,1.6,-0.4,0.6,1.7,1.0,2.0,1.3333,1.5,1.0,-0.4,-0.1,-0.4,-0.1333,1.8,0.6,2.2,1.3333,1.6667,0.6667,0.2,0.0,1.0,1.0,1.13,1.0167,11.0,7.0,1.0,0.0,1.0,0.4,0.6,1.5333,0.0,0.2,-0.2,0.0,0.2,4.0,1535.21,1489.52,45.69,Draw,1
2024-03-12,Southampton,Crystal Palace,1.6,0.8,0.8,1.8,1.0,1.2,-0.2,0.8,1.7,0.9,2.1,0.875,1.0,1.0,-0.3,-0.1,-0.2,0.125,1.6,0.8,1.8,0.8,1.2,0.6,0.2,0.0,1.0,0.8,0.97,0.9467,1.0,2.0,1.0,0.0,1.0,0.6,0.4,1.2,0.4,0.2,0.2,0.2,0.2,-1.0,1533.9,1489.22,44.68,Draw,1
2024-03-13,Leeds,Arsenal,0.6,0.6,0.0,1.8,0.8,1.6,-0.8,0.4,0.4286,0.5714,1.4286,0.8333,1.5,0.5,0.3714,0.1714,-0.1,-0.0333,0.3333,0.3333,1.3333,1.0,1.75,0.5,0.6,0.0,0.6,0.6,1.02,0.8367,17.0,13.0,3.0,1.0,1.4,-0.2,1.0,0.8333,-1.0,0.2,-1.2,0.0,0.6,4.0,1498.37,1470.87,27.5,Draw,1
2024-03-14,Brentford,Southampton,1.0,0.8,0.2,1.6,1.6,0.8,0.8,1.8,1.2,1.0,1.5,1.7,1.0,1.9,0.1,-0.2,-0.1,-0.1,1.4,0.6,2.2,1.0,2.0,0.0,0.2,0.2,0.8,1.0,1.58,0.88,8.0,2.0,3.0,1.0,-0.2,-0.6,0.0,2.2,0.2,0.8,-0.6,-0.2,0.0,6.0,1520.89,1532.62,-11.73,Draw,1
2024-03-15,Aston Villa,Brighton,0.6,1.4,-0.8,0.8,0.8,1.0,-0.2,1.4,0.6667,1.1667,1.1667,1.1111,1.0,1.5556,-0.3667,-0.0667,-0.1556,-0.3111,1.0,1.0,1.75,0.6,1.4,0.4,0.2,0.2,0.6,0.6,1.46,1.26,8.0,5.0,3.0,1.0,-0.6,-0.2,-0.4,1.35,-0.4,-0.6,0.2,0.0,0.0,3.0,1489.69,1507.8,-18.11,Draw,1
2024-03-16,Crystal Palace,Manchester United,0.8,1.0,-0.2,0.8,0.8,1.0,-0.2,1.0,0.8889,1.0,1.0,0.7143,1.1429,0.7143,-0.2,-0.0889,0.2857,0.0857,1.0,0.6667,1.6667,0.5,1.25,0.25,0.0,0.0,0.8,0.6,1.1467,1.4133,4.0,17.0,1.0,0.0,-0.2,0.0,0.0,1.4167,-0.2,-0.2,0.0,0.2,0.0,-13.0,1490.5,1475.24,15.26,HomeWin,0
2024-03-17,Arsenal,Liverpool,0.8,1.6,-0.8,0.4,1.0,1.4,-0.4,0.6,0.8571,1.4286,0.5714,1.2857,1.4286,1.0,-0.1714,-0.0571,-0.4,-0.2857,0.5,1.0,0.5,1.25,1.5,0.75,0.0,0.0,0.6,1.0,0.9967,1.3367,4.0,6.0,1.0,0.0,-0.2,-0.2,-0.2,-0.25,-0.6,-0.6,0.0,-0.4,0.0,-2.0,1471.66,1490.83,-19.17,HomeWin,0
2024-03-18,Everton,Nottingham Forest,1.0,2.0,-1.0,0.4,2.3333,0.3333,2.0,3.0,1.1429,1.7143,0.8571,2.3333,0.3333,3.0,-0.4571,-0.1429,0.0,0.0,1.75,1.5,1.5,0.0,0.0,0.0,0.0,0.6667,0.6,1.0,1.2667,1.5278,17.0,38.0,1.0,0.0,-2.6,-1.3333,-1.6667,1.5,0.6667,0.3333,0.3334,-0.4,-0.6667,-21.0,1481.58,1529.67,-48.09,HomeWin,0
2024-03-19,Brighton,Liverpool,1.0,0.8,0.2,1.6,0.8,1.4,-0.6,0.4,1.1,1.0,1.5,1.125,1.375,0.875,0.1,-0.1,-0.475,-0.325,1.75,0.5,3.0,1.0,1.4,0.6,0.2,0.0,0.8,0.8,1.22,1.4167,4.0,2.0,1.0,0.0,1.2,0.2,0.6,2.4,-0.4,0.0,-0.4,0.0,0.2,2.0,1507.28,1480.28,27.0,AwayWin,2
2024-03-20,Chelsea,Arsenal,0.6,1.4,-0.8,0.4,1.0,1.4,-0.4,1.0,0.7143,1.1429,0.8571,0.875,1.25,0.875,-0.4571,-0.1143,0.125,0.125,0.5,0.5,1.5,1.0,1.6,0.6,0.0,0.2,0.6,0.8,1.69,1.0167,25.0,3.0,1.0,0.0,-0.6,-0.4,0.0,0.9,-0.8,-0.4,-0.4,-0.2,-0.2,22.0,1480.94,1482.21,-1.27,HomeWin,0
2024-03-21,Manchester United,Fulham,1.0,1.4,-0.4,1.0,1.25,1.25,0.0,1.25,0.75,1.375,0.625,1.25,1.25,1.25,0.375,0.25,0.0,0.0,1.0,1.0,1.3333,1.5,2.0,0.5,0.0,0.25,0.8,1.0,1.5733,1.55,5.0,12.0,1.0,0.0,-0.25,-0.25,-0.15,0.8333,-0.25,-0.15,-0.1,-0.2,-0.25,-7.0,1465.68,1500.33,-34.65,Draw,1
2024-03-22,Nottingham Forest,Manchester City,2.0,0.75,1.25,2.25,1.6,1.4,0.2,1.2,2.0,0.75,2.25,1.375,1.25,1.125,0.0,0.0,0.075,0.225,2.3333,0.3333,3.0,1.75,1.5,1.25,0.5,0.0,1.0,1.0,1.2458,1.14,4.0,15.0,1.0,0.0,1.05,0.4,0.65,1.75,0.6,0.85,-0.25,0.0,0.5,-11.0,1518.29,1500.36,17.93,Draw,1
2024-03-23,West Ham,Leeds,1.4,0.6,0.8,2.2,0.6,0.8,-0.2,1.4,1.4,0.6,2.2,0.5,0.625,1.375,0.0,0.0,0.025,0.1,1.5,0.0,3.0,0.5,0.75,1.5,0.4,0.4,1.0,0.6,1.65,0.9,20.0,10.0,1.0,0.0,0.8,0.8,0.2,1.5,0.6,0.0,0.6,0.4,0.0,10.0,1528.55,1497.58,30.97,AwayWin,2
2024-03-24,Aston Villa,Manchester City,0.8,1.2,-0.4,1.0,1.6,1.4,0.2,1.2,0.7143,1.1429,1.1429,1.3333,1.2222,1.1111,-0.1429,0.0857,0.0889,0.2667,1.0,1.0,1.6,1.6,1.4,1.2,0.2,0.0,0.8,1.0,1.54,1.59,9.0,2.0,0.0,-2.0,-0.2,-0.8,0.2,0.4,-0.6,0.4,-1.0,-0.2,0.2,7.0,1490.21,1500.88,-10.67,AwayWin,2
2024-03-25,Leeds,Chelsea,0.8,0.8,0.0,1.4,0.6,1.2,-0.6,0.8,0.6667,0.5556,1.5556,0.75,1.0,1.125,-0.1556,0.1333,-0.325,-0.15,0.5,0.5,1.25,0.8,1.4,0.6,0.4,0.2,0.6,0.6,1.34,1.69,2.0,5.0,1.0,0.0,0.6,0.2,0.4,0.65,-0.4,-0.2,-0.2,0.0,0.2,-3.0,1508.47,1490.98,17.49,AwayWin,2
2024-03-26,Fulham,Manchester City,1.2,1.2,0.0,1.2,1.8,1.4,0.4,1.6,1.2,1.2,1.2,1.4,1.2,1.3,0.0,0.0,0.3,0.4,1.0,0.5,2.0,1.8,1.4,1.6,0.2,0.0,1.0,1.0,1.44,1.39,5.0,2.0,1.0,0.0,-0.4,-0.6,0.2,0.4,-0.2,0.6,-0.8,0.0,0.2,3.0,1499.34,1510.57,-11.23,HomeWin,0
2024-03-27,Manchester United,Brentford,1.2,1.4,-0.2,1.2,1.2,0.8,0.4,1.8,0.7778,1.3333,0.6667,1.2,0.9,1.6,0.5333,0.4222,0.2,0.0,1.0,1.0,1.25,1.0,1.4,0.8,0.0,0.2,1.0,1.0,1.5567,1.59,6.0,13.0,1.0,0.0,-0.6,0.0,-0.6,0.45,0.4,-0.2,0.6,0.0,-0.2,-7.0,1466.67,1521.23,-54.56,HomeWin,0
2024-03-28,Crystal Palace,Brentford,1.2,1.0,0.2,1.2,1.2,1.0,0.2,1.6,1.1,1.0,1.2,1.2,1.0,1.5,0.0,0.1,0.1,0.0,1.5,0.75,2.0,1.0,1.4,0.8,0.0,0.2,0.8,1.0,1.1467,1.55,12.0,1.0,1.0,0.0,-0.4,0.0,0.0,1.2,0.2,0.2,0.0,-0.2,-0.2,11.0,1500.06,1509.67,-9.61,HomeWin,0
2024-03-29,Liverpool,Brighton,0.8,1.0,-0.2,1.0,0.8,0.8,0.0,1.4,1.1111,1.2222,1.1111,1.0,1.0,1.4,-0.1111,-0.3111,0.0,-0.2,1.3333,1.3333,1.3333,0.6,1.4,0.4,0.2,0.2,0.8,0.6,1.4367,1.02,10.0,10.0,3.0,1.0,-0.4,0.0,-0.2,0.9333,0.0,-0.2,0.2,0.2,0.0,0.0,1491.06,1496.5,-5.44,HomeWin,0
2024-03-30,Everton,Tottenham,1.0,1.8,-0.8,0.8,1.2,1.0,0.2,2.0,1.25,1.625,1.125,1.3333,1.0,2.1667,-0.325,-0.25,-0.1667,-0.1333,1.8,1.4,1.8,0.0,2.0,0.0,0.0,0.2,0.6,0.8,1.8667,1.11,12.0,40.0,0.0,-1.0,-1.2,-0.2,-0.8,1.8,0.0,-0.6,0.6,-0.2,-0.2,-28.0,1492.96,1528.66,-35.7,HomeWin,0
2024-03-31,Nottingham Forest,Brighton,1.8,0.8,1.0,2.0,0.8,0.8,0.0,1.4,1.8,0.8,2.0,0.8,1.0,1.1,0.0,0.0,0.3,0.0,2.0,0.5,2.5,0.4,1.2,0.4,0.4,0.2,1.0,0.6,1.2367,0.92,9.0,2.0,1.0,0.0,0.6,1.0,0.0,2.1,1.0,0.0,1.0,0.4,0.2,7.0,1517.77,1486.34,31.43,AwayWin,2
2024-04-01,Aston Villa,Fulham,0.8,1.6,-0.8,0.4,1.2,1.0,0.2,1.6,0.75,1.25,1.0,1.3333,1.1667,1.5,-0.6,0.05,0.1,-0.1333,1.0,1.4,1.0,1.3333,1.6667,0.6667,0.0,0.2,0.8,1.0,1.5,1.36,8.0,6.0,1.0,0.0,-1.2,-0.4,-0.6,0.3333,-0.2,-0.4,0.2,-0.2,-0.2,2.0,1480.52,1509.66,-29.14,HomeWin,0
2024-04-02,Aston Villa,Wolves,1.0,1.4,-0.4,0.8,0.6,1.2,-0.6,0.8,0.8889,1.1111,1.2222,1.0,1.4,0.8,-0.4222,0.1111,0.0,-0.4,1.2,1.4,1.0,0.6,1.4,0.4,0.2,0.2,0.8,0.6,1.32,1.26,1.0,28.0,1.0,0.0,0.0,0.4,-0.2,0.6,-0.2,-0.8,0.6,0.2,0.0,-27.0,1491.36,1473.38,17.98,Draw,1
2024-04-03,Southampton,Everton,1.2,1.0,0.2,1.4,1.2,1.6,-0.4,1.4,1.5,0.9,1.7,1.2222,1.4444,1.3333,-0.3,-0.3,0.0667,-0.0222,1.6,0.8,1.8,0.3333,2.0,0.0,0.0,0.2,1.0,0.8,1.0,2.0667,20.0,4.0,3.0,3.0,0.0,0.0,0.6,1.8,-0.4,0.2,-0.6,0.2,-0.2,16.0,1532.28,1503.98,28.3,Draw,1
2024-04-04,Newcastle,Everton,1.2,1.0,0.2,1.6,1.2,1.4,-0.2,1.6,1.1111,1.0,1.4444,1.2,1.4,1.3,0.1556,0.0889,0.3,0.0,1.6667,0.6667,2.3333,0.5,1.75,0.25,0.2,0.2,0.8,0.8,1.07,1.9467,36.0,1.0,0.0,-1.0,0.0,0.0,0.4,2.0833,-0.2,0.2,-0.4,0.0,0.0,35.0,1508.47,1504.79,3.68,HomeWin,0
2024-04-05,Leeds,Bournemouth,0.8,1.2,-0.4,0.8,0.8,0.8,0.0,1.0,0.7,0.7,1.4,0.8333,1.0,0.8333,-0.6,0.1,0.1667,-0.0333,0.6,0.8,1.0,0.5,1.25,0.25,0.2,0.2,0.6,0.6,1.4,1.54,11.0,28.0,3.0,1.0,-0.2,0.0,-0.4,0.75,0.0,-0.4,0.4,0.0,0.0,-17.0,1497.97,1482.67,15.3,HomeWin,0
2024-04-06,Leicester,Tottenham,0.8,0.8,0.0,1.8,1.0,1.0,0.0,1.8,0.8,0.8,1.8,1.1429,1.0,1.8571,0.0,0.0,-0.0571,-0.1429,1.0,1.0,2.0,0.0,1.5,0.0,0.4,0.2,0.6,0.6,1.0733,0.97,45.0,7.0,1.0,0.0,0.0,-0.2,0.2,2.0,-0.2,0.2,-0.4,0.0,0.2,38.0,1508.58,1517.64,-9.06,Draw,1
2024-04-07,Manchester United,Fulham,1.2,1.4,-0.2,1.2,1.0,1.0,0.0,1.6,0.9,1.3,0.9,1.1429,1.2857,1.2857,0.3,0.3,0.3143,-0.1429,1.2,1.0,1.6,1.0,1.75,0.5,0.0,0.2,1.0,0.8,1.45,1.04,11.0,6.0,1.0,0.0,-0.4,0.2,-0.4,1.1,0.2,-0.4,0.6,0.2,-0.2,5.0,1478.23,1498.82,-20.59,HomeWin,0
2024-04-08,Everton,Tottenham,1.2,1.0,0.2,1.6,0.6,0.8,-0.2,1.4,1.1,1.4,1.2,1.0,0.875,1.75,0.4,0.1,-0.35,-0.4,1.8,1.2,2.2,0.0,1.0,0.3333,0.2,0.4,0.8,0.4,1.8667,1.33,4.0,2.0,1.5,0.0,0.2,0.6,-0.2,1.8667,0.4,-0.4,0.8,0.4,-0.2,2.0,1494.9,1517.38,-22.48,HomeWin,0
2024-04-09,Leeds,Chelsea,1.2,1.0,0.2,1.4,1.0,1.0,0.0,1.4,0.9,0.7,1.7,0.8889,1.0,1.3333,-0.3,0.3,0.0667,0.1111,1.0,0.8,1.6,1.0,1.4,1.0,0.2,0.2,0.8,0.8,1.0,1.52,4.0,15.0,0.0,-1.0,0.0,0.2,0.0,0.6,0.2,0.0,0.2,0.0,0.0,-11.0,1507.53,1501.48,6.05,HomeWin,0
2024-04-10,Aston Villa,Manchester City,1.2,1.4,-0.2,1.0,1.6,1.2,0.4,1.6,0.9,1.1,1.2,1.4,1.3,1.2,-0.2,0.3,0.4,0.2,1.2,1.4,1.0,1.6,1.2,1.6,0.2,0.0,1.0,1.0,1.16,1.33,8.0,15.0,0.0,-1.5,-0.6,-0.4,-0.2,-0.6,0.0,0.2,-0.2,0.0,0.2,-7.0,1490.84,1500.25,-9.41,HomeWin,0
2024-04-11,Crystal Palace,West Ham,1.4,0.8,0.6,1.6,1.2,0.8,0.4,2.0,1.2,0.9,1.4,1.1667,0.8333,1.8333,0.2,0.2,0.1667,0.0333,1.6,0.6,2.2,1.3333,1.0,1.6667,0.2,0.4,0.8,0.8,1.3067,1.73,14.0,19.0,1.0,0.0,-0.4,0.2,0.0,0.5333,0.6,0.4,0.2,0.0,-0.2,-5.0,1510.34,1517.66,-7.32,AwayWin,2
2024-04-12,Nottingham Forest,Manchester City,1.4,1.0,0.4,1.4,1.6,1.4,0.2,1.4,1.5,0.8333,1.6667,1.4,1.4,1.1,-0.2667,-0.1,0.3,0.2,1.6,0.6,2.0,1.6,1.4,1.4,0.2,0.0,0.8,1.0,1.2667,1.37,12.0,2.0,1.0,0.0,0.0,-0.2,0.4,0.6,0.0,0.6,-0.6,-0.2,0.2,10.0,1506.87,1489.98,16.89,HomeWin,0
2024-04-13,Liverpool,Tottenham,0.8,0.6,0.2,1.6,0.6,0.6,0.0,1.4,1.1,1.1,1.3,0.8889,0.8889,1.5556,0.3,-0.3,-0.1556,-0.2889,1.25,1.0,1.75,0.0,1.0,0.25,0.4,0.4,0.8,0.4,1.25,1.37,15.0,5.0,1.0,0.0,0.2,0.2,0.0,1.5,0.2,0.0,0.2,0.4,0.0,10.0,1501.22,1506.73,-5.51,Draw,1
2024-04-14,Aston Villa,West Ham,1.4,1.0,0.4,1.6,1.2,1.0,0.2,2.0,1.0,1.2,1.2,1.2857,0.8571,2.0,0.4,0.4,0.0,-0.0857,1.4,1.0,1.6,1.5,1.0,2.0,0.2,0.2,1.0,0.8,1.32,1.45,4.0,3.0,0.5,-1.0,-0.4,0.2,0.0,-0.4,0.4,0.2,0.2,0.2,0.0,1.0,1501.11,1527.45,-26.34,Draw,1
2024-04-15,Leeds,Newcastle,1.6,1.0,0.6,2.0,1.4,0.6,0.8,2.2,1.1,0.8,1.9,1.1,0.9,1.6,0.1,0.5,0.6,0.3,1.4,1.0,2.0,0.6,1.2,0.6,0.2,0.4,1.0,1.0,1.16,1.39,6.0,11.0,1.0,0.0,-0.2,0.2,-0.4,1.4,1.0,0.4,0.6,0.0,-0.2,-5.0,1517.36,1518.36,-1.0,AwayWin,2
2024-04-16,Manchester United,Liverpool,1.2,1.2,0.0,1.6,0.8,0.6,0.2,1.6,0.9,1.1,1.2,1.0,1.1,1.1,0.4,0.3,0.5,-0.2,1.4,0.8,2.2,0.8,1.0,1.0,0.2,0.4,1.0,0.8,1.37,1.28,9.0,3.0,1.0,0.0,0.0,0.4,-0.6,1.2,0.6,-0.4,1.0,0.2,-0.2,6.0,1488.82,1501.38,-12.56,HomeWin,0
2024-04-17,Crystal Palace,West Ham,1.4,1.0,0.4,1.4,1.4,1.4,0.0,1.6,1.3,1.0,1.4,1.375,1.0,1.875,0.0,0.1,-0.275,0.025,1.6,0.8,2.0,1.6,1.2,1.8,0.2,0.0,0.8,0.8,1.44,1.57,6.0,3.0,0.0,-1.0,-0.2,0.0,0.4,0.2,0.0,0.4,-0.4,0.0,0.2,3.0,1500.55,1526.69,-26.14,HomeWin,0
2024-04-18,Liverpool,Chelsea,0.8,1.0,-0.2,1.4,1.0,1.2,-0.2,1.2,0.9,1.2,1.0,0.9,1.1,1.2,0.4,-0.1,0.0,0.1,1.2,1.0,1.6,1.0,1.6,0.8,0.4,0.2,0.8,0.8,1.28,1.32,2.0,9.0,1.0,0.0,0.2,-0.2,0.2,0.8,-0.4,0.0,-0.4,0.0,0.2,-7.0,1491.02,1491.65,-0.63,Draw,1
2024-04-19,Leeds,Nottingham Forest,1.6,1.2,0.4,1.8,1.0,0.8,0.2,1.4,1.1,1.0,1.6,1.4286,0.7143,1.8571,0.2,0.5,-0.4571,-0.4286,1.4,1.4,1.4,1.0,2.0,0.0,0.2,0.4,1.0,0.8,1.52,1.28,4.0,7.0,0.0,-2.0,0.4,0.6,-0.4,1.4,0.8,-0.2,1.0,0.2,-0.2,-3.0,1507.39,1516.38,-8.99,HomeWin,0
2024-04-20,Chelsea,Tottenham,1.2,1.2,0.0,1.4,0.6,0.8,-0.2,1.0,0.9,1.1,1.2,0.9,0.9,1.5,0.2,0.3,-0.5,-0.3,0.6667,0.3333,2.0,0.2,1.0,0.4,0.2,0.2,1.0,0.4,1.2,1.41,2.0,7.0,1.0,0.0,0.4,0.6,-0.4,1.6,0.4,-0.6,1.0,0.6,0.0,-5.0,1491.63,1506.57,-14.94,HomeWin,0
2024-04-21,Fulham,Liverpool,0.8,1.2,-0.4,1.0,1.0,1.0,0.0,1.6,1.0,1.25,1.125,0.9,1.2,1.0,-0.125,-0.2,0.6,0.1,1.3333,0.6667,2.3333,0.8,1.4,0.8,0.0,0.4,0.6,1.0,1.08,1.44,14.0,3.0,1.0,0.0,-0.6,-0.2,-0.2,1.5333,-0.2,-0.2,0.0,-0.4,-0.4,11.0,1488.23,1491.04,-2.81,HomeWin,0
2024-04-22,Tottenham,Everton,0.4,1.0,-0.6,0.4,1.0,0.6,0.4,2.0,0.8,1.0,1.2,1.0,1.3,1.2,-0.8,-0.4,0.8,0.0,1.6,0.8,2.6,0.4,1.6,0.2,0.2,0.4,0.4,0.8,1.44,1.88,2.0,14.0,1.0,-0.3333,-1.6,-0.6,-0.4,2.4,-0.2,0.0,-0.2,-0.4,-0.2,-12.0,1496.14,1505.55,-9.41,HomeWin,0
2024-04-23,Liverpool,Everton,0.8,1.2,-0.4,1.0,0.6,0.8,-0.2,1.4,0.8,1.1,1.0,0.8,1.3,1.1,0.0,0.0,0.3,-0.2,1.0,1.0,1.2,0.4,1.8,0.2,0.2,0.4,0.8,0.6,1.32,1.36,2.0,1.0,1.0,0.0,-0.4,0.2,-0.4,1.0,0.0,-0.6,0.6,0.2,-0.2,1.0,1480.96,1495.28,-14.32,HomeWin,0
2024-04-24,Arsenal,Southampton,0.6,1.2,-0.6,0.8,1.2,1.0,0.2,1.4,0.7778,1.2222,0.7778,1.4,0.9,1.5,0.0222,-0.1778,-0.1,-0.2,0.6667,0.6667,1.3333,1.0,1.5,0.5,0.2,0.0,0.6,1.0,0.9467,1.0,35.0,21.0,0.0,-1.0,-0.6,-0.6,-0.2,0.8333,-0.4,0.0,-0.4,-0.4,0.2,14.0,1472.17,1531.47,-59.3,Draw,1
2024-04-25,Chelsea,Newcastle,1.4,1.0,0.4,2.0,1.4,0.8,0.6,2.2,1.0,1.2,1.2,1.1,0.9,1.6,0.8,0.4,0.6,0.3,1.0,0.5,2.25,1.0,1.4,1.0,0.2,0.2,1.0,1.0,1.24,1.44,5.0,10.0,1.0,0.0,-0.2,0.0,-0.2,1.25,0.6,0.4,0.2,0.0,0.0,-5.0,1502.06,1528.33,-26.27,Draw,1
2024-04-26,Fulham,Manchester City,0.8,1.0,-0.2,1.4,1.0,1.4,-0.4,0.8,1.0,1.1111,1.3333,1.3,1.4,1.0,0.0667,-0.2,-0.2,-0.3,1.25,0.5,2.5,1.0,1.4,0.8,0.2,0.0,0.6,0.8,1.16,1.37,5.0,14.0,3.0,1.0,0.6,-0.2,0.4,1.7,-0.6,0.0,-0.6,-0.2,0.2,-9.0,1498.31,1480.47,17.84,HomeWin,0
2024-04-27,Brentford,Liverpool,0.8,1.2,-0.4,1.0,1.0,1.4,-0.4,1.0,1.1,0.9,1.5,0.9,1.0,1.3,-0.5,-0.3,-0.3,0.1,1.2,0.8,1.8,0.6,1.2,0.8,0.2,0.0,0.8,0.8,1.31,1.32,30.0,4.0,1.0,0.0,0.0,-0.2,0.2,1.0,-0.6,-0.2,-0.4,0.0,0.2,26.0,1499.39,1491.37,8.02,AwayWin,2
2024-04-28,Manchester United,Fulham,1.6,1.2,0.4,2.0,1.0,0.8,0.2,1.8,1.2,1.1,1.5,1.1,1.0,1.5,0.5,0.4,0.3,-0.1,1.6,0.8,2.2,0.8,1.6,0.4,0.2,0.4,1.0,0.6,1.41,1.12,12.0,2.0,2.0,0.5,0.2,0.6,-0.4,1.8,0.8,-0.2,1.0,0.4,-0.2,10.0,1499.18,1507.8,-8.62,HomeWin,0
2024-04-29,Crystal Palace,Southampton,1.8,1.0,0.8,2.0,1.0,1.0,0.0,1.0,1.4,1.1,1.4,1.3,1.0,1.3,0.6,0.4,-0.3,-0.3,1.8,1.0,2.0,1.0,1.3333,0.6667,0.2,0.0,1.0,1.0,1.6,1.04,12.0,5.0,1.0,0.0,1.0,0.8,0.0,1.3333,0.8,0.0,0.8,0.0,0.2,7.0,1511.3,1529.78,-18.48,Draw,1
2024-04-30,Manchester United,Liverpool,1.8,0.8,1.0,2.6,1.2,1.2,0.0,1.4,1.4,1.1,1.8,1.0,0.9,1.5,0.8,0.4,-0.1,0.2,1.8,0.8,2.6,0.8,1.0,1.2,0.2,0.2,1.0,0.8,1.61,1.24,2.0,3.0,3.0,2.0,1.2,0.6,0.4,1.4,0.6,0.4,0.2,0.2,0.0,-1.0,1509.43,1501.6,7.83,AwayWin,2
2024-05-01,West Ham,Nottingham Forest,1.2,1.6,-0.4,1.0,0.8,1.2,-0.4,0.8,1.3333,1.1111,1.6667,1.375,0.875,1.625,-0.6667,-0.1333,-0.825,-0.575,1.0,0.6667,2.0,1.0,2.0,0.0,0.0,0.2,0.8,0.8,1.6,1.24,14.0,12.0,1.0,0.0,0.2,0.4,-0.4,2.0,0.0,-0.8,0.8,0.0,-0.2,2.0,1515.94,1506.12,9.82,HomeWin,0
2024-05-02,Crystal Palace,Southampton,1.8,1.0,0.8,2.0,1.0,1.0,0.0,1.0,1.3,1.0,1.4,1.3,0.9,1.4,0.6,0.5,-0.4,-0.3,1.8,1.0,2.0,1.0,1.25,0.75,0.2,0.0,1.0,1.0,1.44,1.32,3.0,3.0,1.0,0.0,1.0,0.8,0.0,1.25,0.8,0.0,0.8,0.0,0.2,0.0,1511.83,1529.25,-17.42,Draw,1
2024-05-03,Aston Villa,Leeds,1.6,1.2,0.4,1.6,1.6,1.4,0.2,1.8,1.2,1.2,1.3,1.2,1.1,1.6,0.3,0.4,0.2,0.4,1.6,1.2,1.6,0.8,0.6,1.8,0.2,0.0,1.0,1.0,1.44,1.36,19.0,14.0,1.0,0.0,-0.2,0.0,0.2,-0.2,0.2,0.4,-0.2,0.0,0.2,5.0,1501.87,1517.65,-15.78,Draw,1
2024-05-04,Fulham,Wolves,0.8,1.0,-0.2,1.2,0.6,1.2,-0.6,0.8,1.0,1.0,1.4,1.0,1.3,0.9,-0.2,-0.2,-0.1,-0.4,1.4,0.4,2.6,0.6,1.4,0.4,0.4,0.2,0.6,0.6,1.2,1.26,6.0,32.0,3.0,1.0,0.4,0.2,0.2,2.2,-0.4,-0.4,0.0,0.0,0.2,-26.0,1497.55,1473.9,23.65,Draw,1
2024-05-05,Bournemouth,Leeds,0.8,1.0,-0.2,0.8,1.6,1.2,0.4,2.0,0.8571,1.1429,0.7143,1.2,1.2,1.4,0.0857,-0.0571,0.6,0.4,1.5,0.5,2.0,0.8,0.8,1.4,0.2,0.0,0.6,1.0,1.3,1.52,30.0,2.0,0.0,-1.0,-1.2,-0.8,0.2,0.6,-0.4,0.6,-1.0,-0.4,0.2,28.0,1473.11,1517.2,-44.09,HomeWin,0
2024-05-06,Crystal Palace,Arsenal,1.6,1.2,0.4,1.6,0.8,1.0,-0.2,1.0,1.4,1.1,1.4,0.8,1.2,0.8,0.2,0.2,0.2,0.0,1.6,1.2,1.6,0.8,1.6,0.4,0.2,0.2,1.0,0.8,1.44,1.16,4.0,12.0,1.0,0.0,0.6,0.8,-0.2,1.2,0.6,-0.4,1.0,0.2,0.0,-8.0,1512.33,1473.86,38.47,Draw,1
2024-05-07,Everton,Wolves,0.6,1.2,-0.6,0.8,0.8,1.0,-0.2,1.0,0.9,1.4,1.1,0.9,1.2,0.9,-0.3,-0.3,0.1,-0.1,1.6,1.0,2.2,0.6,1.4,0.4,0.2,0.2,0.6,0.8,1.16,1.1,14.0,3.0,1.0,0.0,-0.2,-0.2,-0.2,1.8,-0.4,-0.4,-0.0,-0.2,0.0,11.0,1484.87,1474.58,10.29,Draw,1
2024-05-08,Wolves,Everton,1.0,1.0,0.0,1.2,0.8,1.4,-0.6,0.8,1.0,1.3,0.9,1.0,1.4,1.2,0.3,0.0,-0.4,-0.2,1.5,1.25,1.5,0.4,1.8,0.2,0.2,0.2,0.8,0.6,1.06,1.08,1.0,1.0,1.0,0.0,0.4,0.2,0.4,1.3,-0.4,-0.2,-0.2,0.2,0.0,0.0,1474.88,1484.57,-9.69,Draw,1
2024-05-09,West Ham,Aston Villa,1.4,1.6,-0.2,1.4,1.6,1.0,0.6,1.8,1.4,1.1,1.8,1.2,1.3,1.1,-0.4,0.0,0.7,0.4,1.25,0.75,2.25,0.0,1.5,0.0,0.0,0.2,0.8,1.0,1.36,1.56,8.0,6.0,1.6667,0.6667,-0.4,-0.2,-0.6,2.25,0.4,0.0,0.4,-0.2,-0.2,2.0,1525.66,1502.32,23.34,AwayWin,2
2024-05-10,Manchester City,Crystal Palace,0.8,1.6,-0.8,0.6,1.4,1.4,0.0,1.2,1.2,1.5,0.9,1.4,1.1,1.4,-0.3,-0.4,-0.2,0.0,1.0,1.0,1.0,1.0,1.2,0.8,0.0,0.0,0.6,1.0,1.2,1.32,14.0,4.0,1.0,0.0,-0.6,-0.6,-0.2,0.2,-0.6,-0.2,-0.4,-0.4,0.0,10.0,1470.98,1511.23,-40.25,Draw,1
2024-05-11,Brentford,Manchester United,0.6,1.4,-0.8,0.8,1.8,1.0,0.8,2.4,0.9,1.1,1.2,1.5,1.2,1.8,-0.4,-0.3,0.6,0.3,1.0,1.0,1.6,0.6,1.6,0.2,0.2,0.2,0.6,1.0,1.39,1.64,14.0,11.0,0.5,-0.5,-1.6,-1.2,-0.4,1.4,-0.4,0.4,-0.8,-0.4,0.0,3.0,1489.16,1499.2,-10.04,HomeWin,0
2024-05-12,Tottenham,Liverpool,0.8,0.8,0.0,1.0,1.4,0.8,0.6,2.0,0.9,0.9,1.4,1.1,0.9,1.7,-0.4,-0.1,0.3,0.3,1.6,0.6,2.6,1.2,1.0,1.8,0.4,0.2,0.6,0.8,1.68,1.44,20.0,12.0,1.0,0.0,-1.0,-0.6,0.0,0.8,0.0,0.6,-0.6,-0.2,0.2,8.0,1506.41,1511.83,-5.42,Draw,1
2024-05-13,Brighton,Crystal Palace,0.6,0.6,0.0,1.4,1.2,1.0,0.2,1.4,0.7,1.0,1.1,1.3,1.0,1.4,0.3,-0.1,0.0,-0.1,1.4,0.6,2.4,0.6,0.8,0.8,0.4,0.2,0.6,0.8,1.12,1.04,43.0,3.0,3.0,1.0,0.0,-0.6,0.4,1.6,-0.4,0.6,-1.0,-0.2,0.2,40.0,1497.24,1510.08,-12.84,Draw,1
2024-05-14,Southampton,Tottenham,1.2,1.2,0.0,1.0,1.0,1.0,0.0,1.0,1.4,1.0,1.4,0.8,0.9,1.2,-0.4,-0.2,-0.2,0.2,1.2,1.0,1.4,0.4,1.0,0.4,0.0,0.2,1.0,0.8,1.56,1.72,12.0,2.0,1.0,0.0,0.0,0.2,-0.2,1.0,0.2,-0.2,0.4,0.2,-0.2,10.0,1528.75,1506.57,22.18,HomeWin,0
2024-05-15,Crystal Palace,West Ham,1.0,1.0,0.0,1.0,1.4,1.4,0.0,1.4,1.4,1.0,1.5,1.3,1.1,1.7,-0.5,-0.4,-0.3,0.1,1.4,1.4,1.2,1.6,1.4,1.6,0.2,0.0,0.8,0.8,1.0,1.44,2.0,6.0,1.5,0.0,-0.4,-0.4,0.4,-0.4,-0.4,0.4,-0.8,0.0,0.2,-4.0,1509.71,1514.99,-5.28,HomeWin,0
2024-05-16,Leeds,Leicester,1.2,1.4,-0.2,1.4,0.6,0.8,-0.2,1.4,1.2,1.2,1.4,0.6667,0.6667,1.6667,0.0,0.0,-0.2667,-0.0667,1.6,1.4,1.8,0.5,0.5,1.5,0.0,0.4,0.8,0.4,1.48,1.2333,11.0,40.0,1.0,0.0,0.0,0.6,-0.6,0.3,0.4,-0.8,1.2,0.4,-0.4,-29.0,1505.94,1508.84,-2.9,Draw,1
2024-05-17,Leeds,Chelsea,1.0,1.4,-0.4,1.0,1.4,1.2,0.2,1.6,1.3,1.2,1.5,1.0,1.2,1.2,-0.5,-0.3,0.4,0.4,1.6,1.2,2.0,1.2,1.4,1.0,0.0,0.0,0.8,1.0,1.48,1.48,1.0,22.0,1.5,0.0,-0.6,-0.4,-0.2,1.0,-0.2,0.0,-0.2,-0.2,0.0,-21.0,1506.02,1502.81,3.21,Draw,1
2024-05-18,Aston Villa,Leicester,1.4,1.0,0.4,1.8,0.8,0.6,0.2,1.6,1.2,1.2,1.3,0.7143,0.7143,1.5714,0.5,0.2,0.0286,0.0857,1.6,1.0,1.8,0.6667,0.6667,1.3333,0.2,0.4,1.0,0.6,1.52,1.3133,9.0,2.0,1.0,0.0,0.2,0.6,-0.4,0.4667,0.8,-0.2,1.0,0.4,-0.2,7.0,1512.99,1508.76,4.23,HomeWin,0
2024-05-19,Manchester United,Manchester City,1.4,1.2,0.2,1.8,0.4,1.4,-1.0,0.2,1.3,1.3,1.5,1.1,1.4,0.9,0.3,0.1,-0.7,-0.7,1.8,1.0,2.4,0.8,1.6,0.6,0.2,0.2,0.8,0.4,1.44,1.24,8.0,9.0,1.0,0.0,1.6,1.0,0.2,1.8,0.0,-0.8,0.8,0.4,0.0,-1.0,1488.91,1472.13,16.78,HomeWin,0
2024-05-20,Leeds,Leicester,1.2,1.4,-0.2,1.2,0.6,0.8,-0.2,1.0,1.4,1.3,1.5,0.75,0.875,1.375,-0.3,-0.2,-0.375,-0.15,1.6,1.4,1.6,0.75,1.0,1.0,0.0,0.4,0.8,0.6,1.36,1.34,3.0,2.0,1.0,0.0,0.2,0.6,-0.6,0.6,0.4,-0.8,1.2,0.2,-0.4,1.0,1505.93,1498.88,7.05,AwayWin,2
2024-05-21,Southampton,Leicester,1.6,1.2,0.4,1.4,0.6,0.8,-0.2,1.0,1.4,1.1,1.4,0.7778,0.7778,1.5556,0.0,0.2,-0.5556,-0.1778,1.6,1.0,1.8,0.8,0.8,1.4,0.0,0.4,1.0,0.6,1.44,1.34,7.0,1.0,1.0,0.0,0.4,1.0,-0.4,0.4,0.8,-0.6,1.4,0.4,-0.4,6.0,1538.11,1509.08,29.03,HomeWin,0
2024-05-22,Fulham,West Ham,1.0,0.8,0.2,1.4,1.0,1.4,-0.4,0.8,1.0,0.9,1.5,1.1,1.2,1.4,-0.1,0.0,-0.6,-0.1,1.4,0.6,2.2,1.2,1.4,1.0,0.4,0.0,0.8,0.6,1.28,1.32,18.0,7.0,1.0,0.0,0.6,0.0,0.6,1.2,-0.4,0.2,-0.6,0.2,0.4,11.0,1496.87,1504.84,-7.97,AwayWin,2
2024-05-23,Wolves,Southampton,1.0,1.2,-0.2,0.8,1.8,1.2,0.6,1.8,1.0,1.3,0.9,1.5,1.1,1.6,-0.1,0.0,0.2,0.3,1.4,1.2,1.4,1.2,1.4,0.8,0.0,0.0,0.8,1.0,0.82,1.36,15.0,2.0,1.0,0.0,-1.0,-0.8,0.0,0.6,-0.2,0.6,-0.8,-0.2,0.0,13.0,1475.16,1547.28,-72.12,AwayWin,2
2024-05-24,Crystal Palace,Leicester,1.0,0.8,0.2,1.4,0.8,1.0,-0.2,1.0,1.4,0.9,1.7,0.8,0.9,1.4,-0.3,-0.4,-0.4,0.0,1.4,1.0,1.8,0.8,1.2,0.8,0.4,0.4,0.8,0.8,1.08,1.52,9.0,3.0,1.5,0.0,0.4,0.2,0.2,1.0,0.0,0.0,0.0,0.0,0.0,6.0,1519.86,1499.91,19.95,HomeWin,0
2024-05-25,Aston Villa,Fulham,1.6,1.0,0.6,2.2,1.0,1.0,0.0,1.4,1.4,1.2,1.6,0.9,1.1,1.2,0.6,0.2,0.2,0.1,1.6,1.2,1.8,0.6,1.6,0.2,0.2,0.4,1.0,0.8,1.68,1.2,7.0,3.0,3.0,2.0,0.8,0.6,0.0,1.6,0.6,0.0,0.6,0.2,-0.2,4.0,1522.87,1487.1,35.77,AwayWin,2
2024-05-26,Aston Villa,Liverpool,1.4,1.2,0.2,1.6,1.4,0.8,0.6,2.0,1.4,1.1,1.6,1.2,0.9,1.8,0.0,0.0,0.2,0.2,1.6,1.4,1.6,1.2,1.2,1.4,0.2,0.2,1.0,0.8,1.64,1.4,1.0,14.0,1.0,0.0,-0.4,0.0,-0.4,0.2,0.6,0.2,0.4,0.2,0.0,-13.0,1511.84,1511.67,0.17,HomeWin,0
2024-05-27,Chelsea,West Ham,1.4,1.4,0.0,1.2,1.0,1.0,0.0,1.2,1.2,1.2,1.3,1.2,1.2,1.4,-0.1,0.2,-0.2,-0.2,1.0,0.6,2.0,1.4,1.2,1.4,0.0,0.2,1.0,0.6,1.4,1.28,10.0,5.0,1.0,0.0,0.0,0.4,-0.4,0.6,0.4,-0.4,0.8,0.4,-0.2,5.0,1502.9,1514.61,-11.71,Draw,1
2024-05-28,Wolves,Crystal Palace,1.0,1.2,-0.2,0.8,1.0,0.6,0.4,1.8,0.8,1.2,0.8,1.3,0.9,1.7,0.0,0.2,0.1,-0.3,1.0,1.0,1.2,0.6,0.8,0.8,0.0,0.4,0.8,0.8,1.08,1.08,5.0,4.0,1.0,0.0,-1.0,0.0,-0.6,0.4,0.4,-0.2,0.6,0.0,-0.4,1.0,1467.21,1529.29,-62.08,AwayWin,2
2024-05-29,Brentford,Manchester City,0.8,1.4,-0.6,0.8,0.4,1.4,-1.0,0.2,0.9,1.1,1.2,1.0,1.3,0.9,-0.4,-0.1,-0.7,-0.6,1.0,0.8,1.6,0.6,1.8,0.0,0.2,0.2,0.6,0.4,1.52,1.36,18.0,10.0,1.0,0.0,0.6,0.4,0.0,1.6,-0.6,-1.0,0.4,0.2,0.0,8.0,1499.45,1462.61,36.84,HomeWin,0
2024-05-30,Leicester,Newcastle,1.0,1.4,-0.4,0.8,1.2,0.8,0.4,1.8,0.8,1.1,1.1,1.2,1.0,1.6,-0.3,0.2,0.2,0.0,0.75,0.75,1.75,1.0,1.2,1.2,0.2,0.2,1.0,1.0,1.44,1.68,6.0,35.0,1.0,0.0,-1.0,-0.2,-0.6,0.55,0.2,-0.2,0.4,0.0,0.0,-29.0,1490.48,1527.58,-37.1,Draw,1
2024-05-31,Leicester,Chelsea,1.0,1.4,-0.4,0.8,1.4,1.2,0.2,1.4,0.9,1.0,1.2,1.2,1.2,1.3,-0.4,0.1,0.1,0.2,0.8,0.8,1.6,1.4,1.6,1.0,0.2,0.0,1.0,1.0,1.52,1.36,1.0,4.0,3.0,1.0,-0.6,-0.4,-0.2,0.6,-0.2,0.0,-0.2,0.0,0.2,-3.0,1491.54,1503.24,-11.7,Draw,1
2024-06-01,Crystal Palace,Liverpool,1.2,0.6,0.6,2.2,1.4,0.8,0.6,2.0,1.3,1.0,1.7,1.1,1.0,1.5,0.5,-0.1,0.5,0.3,1.4,1.0,1.8,1.0,0.8,1.4,0.4,0.2,0.8,0.8,1.04,1.52,4.0,6.0,1.0,0.0,0.2,-0.2,0.2,0.4,0.4,0.8,-0.4,0.0,0.2,-2.0,1537.52,1501.67,35.85,HomeWin,0
2024-06-02,Manchester United,Leeds,1.6,1.4,0.2,1.8,0.8,1.4,-0.6,0.6,1.4,1.3,1.7,1.2,1.4,1.2,0.1,0.2,-0.6,-0.4,1.8,1.0,2.4,0.6,1.2,0.8,0.0,0.0,0.8,0.6,1.16,1.28,14.0,13.0,0.0,-1.0,1.2,0.8,0.0,1.6,0.2,-0.6,0.8,0.2,0.0,1.0,1498.43,1495.73,2.7,AwayWin,2
2024-06-03,Aston Villa,Everton,1.2,0.8,0.4,2.0,1.0,1.4,-0.4,1.0,1.4,1.0,1.8,1.1,1.2,1.3,0.2,-0.2,-0.3,-0.1,1.4,1.2,1.6,0.6,1.4,0.4,0.4,0.2,1.0,0.8,1.64,1.0,8.0,26.0,1.0,0.0,1.0,0.2,0.6,1.2,-0.2,0.2,-0.4,0.2,0.2,-18.0,1521.84,1484.29,37.55,Draw,1
2024-06-04,Southampton,Brighton,1.8,1.0,0.8,2.2,0.6,0.8,-0.2,1.0,1.4,1.0,1.6,0.7,0.9,1.2,0.6,0.4,-0.2,-0.1,1.6,1.0,1.8,0.6,0.8,1.0,0.2,0.2,1.0,0.6,1.36,1.12,12.0,22.0,1.0,0.0,1.2,1.2,-0.2,0.8,1.0,-0.4,1.4,0.4,0.0,-10.0,1555.23,1497.61,57.62,HomeWin,0
2024-06-05,Leicester,Aston Villa,1.0,1.2,-0.2,1.0,1.4,1.0,0.4,2.0,0.8,1.0,1.0,1.5,1.0,1.9,0.0,0.2,0.1,-0.1,0.8,1.0,1.2,0.3333,1.0,1.0,0.2,0.4,1.0,1.0,1.44,1.48,5.0,2.0,0.0,-1.0,-1.0,-0.4,-0.2,0.2,0.0,0.2,-0.2,0.0,-0.2,3.0,1491.88,1520.76,-28.88,HomeWin,0
2024-06-06,Liverpool,Fulham,1.0,1.0,0.0,1.4,1.2,1.2,0.0,1.4,1.0,1.2,1.2,1.0,1.1,1.4,0.2,0.0,0.0,0.2,1.2,0.8,1.8,0.8,1.4,0.8,0.2,0.2,0.6,0.8,1.68,1.32,5.0,12.0,0.0,-1.0,0.0,-0.2,0.2,1.0,-0.2,0.2,-0.4,-0.2,0.0,-7.0,1492.7,1498.13,-5.43,Draw,1
2024-06-07,Aston Villa,Chelsea,1.2,1.2,0.0,1.4,1.4,1.2,0.2,1.4,1.3,1.1,1.6,1.3,1.2,1.4,-0.2,-0.1,0.0,0.1,1.4,1.2,1.6,1.4,1.4,1.2,0.2,0.0,0.8,1.0,1.4,1.24,2.0,7.0,1.0,0.0,0.0,-0.2,0.0,0.4,0.0,0.2,-0.2,-0.2,0.2,-5.0,1509.93,1502.9,7.03,HomeWin,0
2024-06-08,Fulham,Wolves,1.0,1.4,-0.4,1.0,1.0,1.4,-0.4,0.6,1.0,1.1,1.4,0.8,1.3,0.7,-0.4,0.0,-0.1,0.2,1.2,0.8,2.0,1.0,1.4,0.6,0.0,0.0,0.8,0.8,1.44,1.28,2.0,11.0,2.0,0.5,0.4,0.0,0.0,1.4,-0.4,-0.4,0.0,0.0,0.0,-9.0,1497.97,1458.98,38.99,Draw,1
2024-06-09,Liverpool,Everton,0.8,1.2,-0.4,1.0,1.2,1.8,-0.6,0.6,1.0,1.2,1.2,1.1,1.2,1.3,-0.2,-0.2,-0.7,0.1,1.2,0.8,1.8,0.8,1.6,0.4,0.0,0.0,0.6,0.8,1.76,1.12,3.0,6.0,3.0,1.0,0.4,-0.4,0.6,1.4,-1.0,0.0,-1.0,-0.2,0.0,-3.0,1492.86,1485.37,7.49,Draw,1
2024-06-10,Nottingham Forest,Bournemouth,0.8,1.2,-0.4,0.8,1.2,0.8,0.4,1.4,1.3333,1.0,1.4444,1.0,1.0,1.0,-0.6444,-0.5333,0.4,0.2,1.4,0.6,2.0,0.6,1.4,0.2,0.2,0.4,0.8,0.8,1.36,1.35,40.0,36.0,1.0,0.0,-0.6,-0.4,-0.4,1.8,0.0,0.0,0.0,0.0,-0.2,4.0,1496.4,1484.37,12.03,Draw,1
2024-06-11,Manchester City,Southampton,0.2,1.6,-1.4,0.2,2.0,0.8,1.2,2.6,0.9,1.5,0.8,1.5,0.9,1.8,-0.6,-0.7,0.8,0.5,0.8,0.8,1.0,1.2,1.0,1.4,0.2,0.4,0.2,1.0,1.32,1.16,13.0,7.0,0.0,-1.0,-2.4,-1.8,-0.8,-0.4,-0.6,0.4,-1.0,-0.8,-0.2,6.0,1453.67,1563.59,-109.92,Draw,1
2024-06-12,Brentford,Manchester City,1.2,1.2,0.0,1.2,0.4,1.6,-1.2,0.4,1.2,1.0,1.5,0.7,1.5,0.6,-0.3,0.0,-0.2,-0.3,1.4,0.6,2.0,0.4,2.0,0.0,0.4,0.2,0.6,0.4,1.2,1.56,14.0,1.0,3.0,3.0,0.8,0.8,0.4,2.0,-0.4,-0.8,0.4,0.2,0.2,13.0,1508.39,1456.73,51.66,AwayWin,2
2024-06-13,Fulham,Liverpool,1.0,1.2,-0.2,1.2,0.6,1.2,-0.6,0.6,0.9,1.1,1.2,1.0,1.0,1.3,0.0,0.1,-0.7,-0.4,1.0,0.8,1.6,1.0,1.0,1.4,0.0,0.0,0.8,0.6,1.16,1.36,5.0,4.0,2.0,0.5,0.6,0.4,0.0,0.2,-0.2,-0.6,0.4,0.2,0.0,1.0,1496.85,1492.64,4.21,HomeWin,0
2024-06-14,Chelsea,Leeds,1.0,1.4,-0.4,0.8,1.0,1.4,-0.4,1.0,1.2,1.2,1.4,1.3,1.3,1.5,-0.6,-0.2,-0.5,-0.3,1.0,0.8,1.6,1.0,1.0,1.4,0.0,0.0,0.8,0.6,1.32,1.32,7.0,12.0,1.3333,0.0,-0.2,0.0,0.0,0.2,-0.4,-0.4,0.0,0.2,0.0,-5.0,1493.1,1505.81,-12.71,HomeWin,0
2024-06-15,Brentford,Chelsea,1.0,1.2,-0.2,1.2,1.2,1.4,-0.2,1.2,1.1,1.1,1.4,1.3,1.3,1.4,-0.2,-0.1,-0.2,-0.1,1.2,1.0,1.4,1.0,1.6,0.6,0.4,0.0,0.4,0.8,1.04,1.08,3.0,1.0,1.0,0.0,0.0,-0.2,0.2,0.8,-0.4,0.0,-0.4,-0.4,0.4,2.0,1496.91,1503.47,-6.56,Draw,1
2024-06-16,Aston Villa,Manchester City,1.2,1.0,0.2,1.4,0.8,1.2,-0.4,1.0,1.4,1.0,1.8,0.8,1.4,0.8,-0.4,-0.2,0.2,0.0,1.6,1.0,2.0,0.6,1.6,0.6,0.4,0.4,0.8,0.6,1.36,1.52,9.0,4.0,1.0,-0.6667,0.4,0.4,0.2,1.4,0.0,-0.2,0.2,0.2,0.0,5.0,1519.73,1468.21,51.52,AwayWin,2
2024-06-17,Aston Villa,Brentford,1.0,0.8,0.2,1.4,1.2,1.0,0.2,1.4,1.2,1.0,1.5,1.0,1.1,1.2,-0.1,-0.2,0.2,0.2,1.2,1.0,1.4,0.8,1.6,0.6,0.4,0.4,0.6,0.6,1.28,1.04,1.0,2.0,0.0,-1.0,0.0,-0.2,0.2,0.8,0.0,0.4,-0.4,0.0,0.0,-1.0,1508.26,1497.1,11.16,HomeWin,0
2024-06-18,Brighton,Arsenal,0.4,1.0,-0.6,0.8,0.8,0.8,0.0,1.2,0.7,0.9,1.2,0.8,1.2,0.8,-0.4,-0.3,0.4,0.0,1.2,0.6,2.0,0.6,1.4,0.4,0.2,0.2,0.4,0.8,1.4,1.16,14.0,43.0,1.0,0.0,-0.4,-0.4,-0.2,1.6,-0.4,-0.2,-0.2,-0.4,0.0,-29.0,1489.25,1474.96,14.29,AwayWin,2
2024-06-19,Arsenal,Tottenham,0.8,0.6,0.2,1.6,1.2,1.4,-0.2,1.0,0.8,1.1,1.0,0.9,1.0,1.2,0.6,0.0,-0.2,0.3,0.75,0.75,1.25,0.6,1.4,0.4,0.4,0.2,0.8,1.0,0.96,1.6,1.0,36.0,1.0,0.0,0.6,-0.4,0.8,0.85,-0.6,0.6,-1.2,-0.2,0.2,-35.0,1485.37,1497.21,-11.84,HomeWin,0
2024-06-20,Bournemouth,Newcastle,1.0,1.0,0.0,1.0,1.2,0.8,0.4,1.8,1.0,1.0,1.0,1.2,1.0,1.6,0.0,0.0,0.2,0.0,1.6667,0.3333,2.3333,1.2,1.0,1.4,0.2,0.2,0.8,1.0,1.36,1.44,10.0,21.0,1.0,0.0,-0.8,-0.2,-0.2,0.9333,0.2,0.2,0.0,-0.2,0.0,-11.0,1484.72,1526.52,-41.8,AwayWin,2
2024-06-21,Everton,Leeds,1.4,1.6,-0.2,0.8,1.2,1.4,-0.2,1.0,1.0,1.2,1.1,1.2,1.4,1.2,-0.3,0.4,-0.2,0.0,1.6,1.0,2.2,1.2,1.2,1.4,0.0,0.0,1.0,0.8,1.24,1.32,12.0,7.0,1.0,0.0,-0.2,0.2,-0.2,0.8,0.0,-0.4,0.4,0.2,0.0,5.0,1485.59,1495.44,-9.85,AwayWin,2
2024-06-22,Crystal Palace,Brentford,1.6,0.6,1.0,2.6,1.2,1.0,0.2,1.4,1.4,0.8,2.0,0.9,1.2,1.1,0.6,0.2,0.3,0.3,1.6,0.8,2.2,0.6,1.4,0.6,0.4,0.4,1.0,0.6,1.32,1.12,21.0,5.0,3.0,2.0,1.2,0.4,0.4,1.6,0.6,0.6,0.0,0.4,0.0,16.0,1546.49,1487.42,59.07,AwayWin,2
2024-06-23,Manchester City,Leicester,1.0,1.2,-0.2,1.4,1.0,1.2,-0.2,1.0,0.7,1.3,0.8,0.8,1.0,1.0,0.6,0.3,0.0,0.2,0.8,0.8,1.0,1.0,1.4,0.8,0.4,0.2,0.8,1.0,1.56,1.6,7.0,18.0,1.0,0.0,0.4,0.0,0.0,0.2,-0.2,-0.2,0.0,-0.2,0.2,-11.0,1479.68,1502.71,-23.03,HomeWin,0
2024-06-24,Wolves,Chelsea,1.0,1.4,-0.4,0.6,1.0,1.2,-0.2,1.2,0.9,1.2,0.8,1.2,1.3,1.2,-0.2,0.1,0.0,-0.2,0.8,1.0,1.0,1.0,1.4,0.8,0.0,0.0,0.8,0.8,1.24,1.12,16.0,9.0,1.0,0.0,-0.6,0.0,-0.2,0.2,-0.2,-0.4,0.2,0.0,0.0,7.0,1460.1,1503.28,-43.18,Draw,1
2024-06-25,Brighton,West Ham,0.4,1.0,-0.6,0.8,1.0,0.8,0.2,1.4,0.6,0.9,1.1,1.1,1.2,1.2,-0.3,-0.2,0.2,-0.1,0.8,0.8,1.4,1.2,1.2,1.0,0.2,0.2,0.4,0.6,1.56,1.24,7.0,29.0,1.0,0.0,-0.6,-0.6,-0.2,0.4,-0.4,0.0,-0.4,-0.2,0.0,-22.0,1478.84,1514.27,-35.43,Draw,1
2024-06-26,Bournemouth,Southampton,1.0,1.0,0.0,1.0,1.8,0.6,1.2,2.6,0.9,1.0,0.9,1.5,0.9,1.8,0.1,0.1,0.8,0.3,1.25,0.5,1.75,1.2,1.0,1.4,0.2,0.4,0.8,1.0,1.32,0.8,6.0,15.0,1.0,0.0,-1.6,-0.8,-0.4,0.35,0.4,0.8,-0.4,-0.2,-0.2,-9.0,1475.92,1560.53,-84.61,AwayWin,2
2024-06-27,Chelsea,Brentford,0.8,1.0,-0.2,1.2,1.2,1.2,0.0,1.4,1.1,1.1,1.3,1.0,1.3,1.1,-0.1,-0.3,0.3,0.2,1.4,0.8,2.2,0.6,1.6,0.6,0.2,0.2,0.6,0.6,1.0,1.16,3.0,5.0,1.0,0.0,-0.2,-0.4,0.2,1.6,-0.4,0.2,-0.6,0.0,0.0,-2.0,1502.04,1499.1,2.94,HomeWin,0
2024-06-28,Brentford,West Ham,0.8,1.6,-0.8,0.8,0.8,0.8,0.0,1.0,1.0,1.4,1.0,1.1,1.2,1.2,-0.2,-0.2,-0.2,-0.3,1.2,1.0,1.4,1.0,1.0,1.0,0.0,0.2,0.6,0.6,1.36,1.24,1.0,3.0,1.0,0.0,-0.2,0.0,-0.8,0.4,0.0,-0.8,0.8,0.0,-0.2,-2.0,1489.18,1513.25,-24.07,Draw,1
2024-06-29,Nottingham Forest,Crystal Palace,0.8,1.2,-0.4,0.8,1.6,0.8,0.8,2.4,1.3,1.0,1.4,1.3,0.9,1.7,-0.6,-0.5,0.7,0.3,1.0,0.6,1.6,0.8,0.8,1.2,0.2,0.4,0.8,1.0,1.4,1.32,19.0,7.0,1.0,0.0,-1.6,-0.8,-0.4,0.4,0.0,0.4,-0.4,-0.2,-0.2,12.0,1496.05,1534.81,-38.76,Draw,1
2024-06-30,Bournemouth,Liverpool,1.0,1.2,-0.2,0.8,0.4,1.2,-0.8,0.4,0.9,1.0,0.9,0.9,1.0,1.2,-0.1,0.1,-0.8,-0.5,1.2,0.8,1.4,0.6,1.2,0.8,0.2,0.0,0.8,0.4,1.6,1.4,4.0,17.0,1.0,0.0,0.4,0.6,0.0,0.6,-0.2,-0.8,0.6,0.4,0.2,-13.0,1468.31,1482.76,-14.45,AwayWin,2
2024-07-01,Tottenham,Liverpool,1.0,1.6,-0.6,0.8,0.6,1.0,-0.4,1.0,0.8,1.2,0.9,1.0,0.9,1.5,-0.1,0.2,-0.5,-0.4,1.6,0.6,2.6,0.4,1.0,0.8,0.2,0.2,0.8,0.6,1.6,1.24,12.0,1.0,1.0,0.0,-0.2,0.4,-0.6,1.8,0.0,-1.0,1.0,0.2,0.0,11.0,1486.87,1492.34,-5.47,AwayWin,2
2024-07-02,Manchester United,Aston Villa,1.2,1.6,-0.4,1.2,1.2,0.8,0.4,1.4,1.4,1.4,1.6,1.2,0.8,1.7,-0.4,-0.2,-0.3,0.0,1.8,1.4,1.8,0.25,1.0,0.75,0.0,0.4,0.8,0.6,0.96,1.16,30.0,15.0,0.0,-1.0,-0.2,0.0,-0.8,1.05,0.4,-0.4,0.8,0.2,-0.4,15.0,1488.35,1517.94,-29.59,Draw,1
2024-07-03,Liverpool,Tottenham,1.0,0.8,0.2,1.6,1.0,1.6,-0.6,0.8,1.0,0.9,1.5,0.7,1.3,0.6,0.1,0.0,0.2,0.3,1.2,1.0,1.4,0.6,1.8,0.2,0.2,0.2,0.8,0.8,0.96,1.52,2.0,2.0,1.6667,0.3333,0.8,0.0,0.8,1.2,-0.6,0.2,-0.8,0.0,0.0,0.0,1502.18,1477.03,25.15,HomeWin,0
2024-07-04,Leeds,Everton,1.2,1.2,0.0,1.4,1.2,1.4,-0.2,0.8,1.1,1.3,1.2,0.9,1.3,0.8,0.2,0.1,0.0,0.3,1.2,1.4,1.0,1.0,1.6,0.6,0.2,0.0,0.8,0.8,1.2,1.24,13.0,13.0,3.0,1.0,0.6,0.0,0.2,0.4,-0.2,0.0,-0.2,0.0,0.2,0.0,1505.16,1475.87,29.29,HomeWin,0
2024-07-05,Crystal Palace,West Ham,1.6,1.0,0.6,2.0,1.0,0.8,0.2,1.2,1.3,0.9,1.7,1.2,1.1,1.3,0.3,0.3,-0.1,-0.2,1.4,0.8,2.0,1.0,0.8,1.2,0.2,0.2,1.0,0.8,1.2,1.04,6.0,7.0,2.0,0.3333,0.8,0.6,-0.2,0.8,0.8,0.0,0.8,0.2,0.0,-1.0,1533.7,1512.56,21.14,HomeWin,0
2024-07-06,Leicester,West Ham,0.8,1.2,-0.4,1.0,1.0,0.8,0.2,1.2,0.8,1.1,1.0,1.0,1.1,1.0,0.0,0.0,0.2,0.0,1.0,0.6,1.8,1.0,0.8,1.2,0.2,0.2,0.8,0.8,1.6,1.24,13.0,1.0,1.0,0.0,-0.2,-0.2,-0.4,0.6,0.0,-0.2,0.2,0.0,0.0,12.0,1492.05,1503.17,-11.12,AwayWin,2
2024-07-07,Bournemouth,Wolves,0.8,1.0,-0.2,0.8,0.6,1.0,-0.4,0.6,0.8,1.0,0.8,0.8,1.0,0.9,0.0,0.0,-0.3,-0.2,1.0,0.8,1.2,1.0,1.2,0.8,0.2,0.2,0.6,0.6,1.52,1.32,7.0,13.0,1.0,0.0,0.2,0.2,0.0,0.4,-0.2,-0.4,0.2,0.0,0.0,-6.0,1458.73,1461.34,-2.61,AwayWin,2
2024-07-08,Newcastle,Everton,1.2,0.6,0.6,2.2,0.8,1.2,-0.4,0.6,1.2,0.8,1.9,0.8,1.3,0.7,0.3,0.0,-0.1,0.0,1.5,0.5,2.5,1.0,1.4,0.6,0.4,0.0,1.0,0.6,1.48,1.32,18.0,4.0,1.5,0.0,1.6,0.4,0.6,1.9,0.0,0.2,-0.2,0.4,0.4,14.0,1535.32,1466.71,68.61,HomeWin,0
2024-07-09,Everton,Liverpool,0.8,1.4,-0.6,0.4,1.2,0.8,0.4,2.0,0.9,1.4,0.7,1.0,1.0,1.5,-0.3,-0.1,0.5,0.2,1.2,0.8,2.0,0.6,1.0,1.2,0.0,0.2,0.6,0.8,1.52,0.84,1.0,6.0,0.5,-0.5,-1.6,-0.4,-0.6,0.8,0.0,-0.2,0.2,-0.2,-0.2,-5.0,1458.66,1511.46,-52.8,Draw,1
2024-07-10,Tottenham,Leicester,0.8,2.0,-1.2,0.2,0.8,1.2,-0.4,1.0,0.8,1.4,0.6,0.9,1.3,0.9,-0.4,0.0,0.1,-0.1,1.4,0.8,2.0,0.8,1.6,0.6,0.0,0.2,0.8,0.8,1.44,1.56,7.0,4.0,1.0,0.0,-0.8,0.0,-0.8,1.4,-0.4,-1.2,0.8,0.0,-0.2,3.0,1467.75,1482.37,-14.62,HomeWin,0
2024-07-11,Nottingham Forest,Chelsea,1.0,1.2,-0.2,1.0,1.0,1.0,0.0,1.6,1.2,1.1,1.2,1.2,1.1,1.5,-0.2,-0.2,0.1,-0.2,0.8,0.8,1.2,0.8,1.2,0.8,0.2,0.2,1.0,0.6,1.6,1.12,12.0,14.0,1.0,0.0,-0.6,0.0,-0.2,0.4,0.0,-0.2,0.2,0.4,0.0,-2.0,1497.16,1511.96,-14.8,HomeWin,0
2024-07-12,Nottingham Forest,Manchester United,1.0,1.2,-0.2,1.0,0.8,1.4,-0.6,0.8,1.0,1.0,1.2,1.3,1.1,1.7,-0.2,0.0,-0.9,-0.5,0.8,0.6,1.6,0.4,1.6,0.2,0.2,0.2,1.0,0.6,1.64,0.88,1.0,10.0,1.0,0.0,0.2,0.2,0.2,1.4,-0.4,-0.4,0.0,0.4,0.0,-9.0,1507.59,1489.2,18.39,AwayWin,2
2024-07-13,Wolves,Manchester United,0.8,1.0,-0.2,1.0,0.8,1.0,-0.2,1.4,0.9,1.1,0.9,1.3,1.0,1.9,0.1,-0.1,-0.5,-0.5,0.6,0.8,1.0,0.6,1.4,0.8,0.2,0.4,0.6,0.6,1.32,0.8,6.0,1.0,1.0,0.0,-0.4,0.0,0.0,0.2,-0.2,-0.2,0.0,0.0,-0.2,5.0,1471.26,1499.73,-28.47,AwayWin,2
2024-07-14,Bournemouth,Liverpool,0.6,1.4,-0.8,0.2,1.2,0.8,0.4,2.0,0.9,1.1,0.8,0.9,1.0,1.3,-0.6,-0.3,0.7,0.3,0.8,1.2,0.6,0.8,1.0,1.4,0.0,0.2,0.6,0.8,1.24,0.8,7.0,5.0,0.5,-0.5,-1.8,-0.6,-0.6,-0.8,-0.2,-0.2,-0.0,-0.2,-0.2,2.0,1448.81,1509.95,-61.14,Draw,1
2024-07-15,Tottenham,Newcastle,0.8,1.8,-1.0,0.6,1.4,0.8,0.6,2.2,0.9,1.4,0.8,1.4,0.7,2.2,-0.2,-0.1,0.0,0.0,1.4,0.8,2.0,1.2,0.8,1.8,0.2,0.2,0.8,1.0,1.24,1.28,5.0,7.0,1.0,0.0,-1.6,-0.6,-1.0,0.2,0.0,-0.4,0.4,-0.2,0.0,-2.0,1478.17,1543.37,-65.2,AwayWin,2
2024-07-16,Manchester City,Bournemouth,1.2,0.8,0.4,2.0,0.6,1.4,-0.8,0.2,0.8,1.1,1.1,0.8,1.2,0.6,0.9,0.4,-0.4,-0.2,1.0,0.6,1.4,0.6,1.2,0.4,0.6,0.0,0.8,0.6,1.4,1.48,23.0,2.0,1.0,0.0,1.8,0.6,0.6,1.0,-0.2,-0.2,0.0,0.2,0.6,21.0,1490.34,1450.55,39.79,HomeWin,0
2024-07-17,Everton,Manchester United,0.6,1.2,-0.6,0.4,1.2,0.8,0.4,2.0,0.9,1.5,0.5,1.3,1.0,1.9,-0.1,-0.3,0.1,-0.1,1.0,0.8,1.6,1.0,1.4,1.4,0.0,0.4,0.6,0.8,1.52,0.84,8.0,4.0,1.0,0.0,-1.6,-0.6,-0.4,0.2,-0.2,0.0,-0.2,-0.2,-0.4,4.0,1460.17,1508.91,-48.74,AwayWin,2
2024-07-18,Crystal Palace,Chelsea,1.4,0.8,0.6,2.0,1.0,0.8,0.2,1.6,1.2,0.7,1.9,1.0,1.1,1.2,0.1,0.2,0.4,0.0,1.4,0.6,2.4,0.4,1.0,0.6,0.4,0.2,1.0,0.6,1.24,1.04,13.0,7.0,1.0,0.0,0.4,0.4,0.0,1.8,0.6,0.2,0.4,0.4,0.2,6.0,1543.09,1501.53,41.56,Draw,1
2024-07-19,West Ham,Crystal Palace,1.0,1.0,0.0,1.2,1.2,0.8,0.4,1.6,1.0,1.0,1.2,1.2,0.7,1.9,0.0,0.0,-0.3,0.0,1.0,0.8,1.8,1.0,0.8,1.4,0.0,0.4,0.8,1.0,1.16,1.4,13.0,1.0,0.75,-0.5,-0.4,-0.2,-0.2,0.4,0.2,0.2,0.0,-0.2,-0.4,12.0,1512.85,1541.9,-29.05,HomeWin,0
2024-07-20,Leeds,Crystal Palace,1.0,0.8,0.2,1.8,1.0,1.4,-0.4,1.0,1.1,1.1,1.5,1.3,1.0,1.8,0.3,-0.1,-0.8,-0.3,1.2,1.0,1.6,1.0,1.2,1.2,0.4,0.2,0.8,1.0,1.04,1.24,16.0,1.0,1.0,0.0,0.8,0.0,0.6,0.4,-0.4,0.2,-0.6,-0.2,0.2,15.0,1514.32,1531.07,-16.75,Draw,1
2024-07-21,Tottenham,Newcastle,0.6,1.4,-0.8,0.6,1.2,0.6,0.6,2.2,0.9,1.4,0.8,1.3,0.7,2.2,-0.2,-0.3,0.0,-0.1,1.0,0.8,1.4,1.2,0.6,2.2,0.2,0.4,0.6,1.0,1.48,1.0,6.0,6.0,0.0,-1.0,-1.6,-0.6,-0.8,-0.8,0.0,-0.2,0.2,-0.4,-0.2,0.0,1470.02,1551.52,-81.5,HomeWin,0
2024-07-22,Manchester City,Bournemouth,1.8,0.2,1.6,2.6,0.6,1.8,-1.2,0.2,1.0,0.9,1.4,0.8,1.4,0.6,1.2,0.8,-0.4,-0.2,1.4,0.4,1.8,0.6,1.6,0.4,0.8,0.0,1.0,0.6,1.28,1.52,6.0,6.0,3.0,3.0,2.4,1.2,1.6,1.4,0.0,0.4,-0.4,0.4,0.8,0.0,1499.2,1441.69,57.51,HomeWin,0
2024-07-23,Bournemouth,Manchester United,0.4,1.8,-1.4,0.2,1.2,0.8,0.4,2.0,0.7,1.5,0.5,1.4,1.1,1.9,-0.3,-0.3,0.1,-0.2,0.6,1.4,0.2,1.2,1.4,1.8,0.0,0.4,0.4,0.8,1.52,0.88,1.0,6.0,1.0,0.0,-1.8,-0.8,-1.0,-1.6,-0.4,-0.6,0.2,-0.4,-0.4,-5.0,1433.33,1517.52,-84.19,HomeWin,0
2024-07-24,Brentford,Chelsea,1.0,1.4,-0.4,1.0,0.8,0.8,0.0,1.2,1.0,1.3,1.1,1.0,1.1,1.2,-0.1,0.0,0.0,-0.2,1.4,0.8,1.6,0.4,1.0,0.6,0.0,0.2,0.8,0.6,1.48,1.24,26.0,6.0,0.5,-0.5,-0.2,0.2,-0.6,1.0,0.2,-0.6,0.8,0.2,-0.2,20.0,1489.87,1502.72,-12.85,HomeWin,0
2024-07-25,Aston Villa,Arsenal,0.8,0.4,0.4,1.4,1.0,0.6,0.4,1.6,1.1,0.7,1.7,1.0,1.0,1.3,-0.3,-0.3,0.3,0.0,1.4,0.6,2.0,0.8,1.0,1.0,0.6,0.4,0.4,0.8,1.2,1.04,23.0,36.0,1.0,0.0,-0.2,-0.2,0.2,1.0,0.2,0.6,-0.4,-0.4,0.2,-13.0,1517.09,1495.71,21.38,HomeWin,0
2024-07-26,Fulham,Manchester United,1.0,1.0,0.0,1.6,1.4,1.0,0.4,2.0,1.0,0.9,1.5,1.3,1.3,1.6,0.1,0.0,0.4,0.1,1.0,0.8,1.6,1.4,1.4,1.8,0.2,0.4,0.8,0.8,1.12,0.8,43.0,3.0,0.3333,-0.6667,-0.4,-0.4,0.0,-0.2,0.0,0.4,-0.4,0.0,-0.2,40.0,1506.73,1505.14,1.59,Draw,1
2024-07-27,Arsenal,Brighton,1.0,0.6,0.4,1.6,0.6,1.0,-0.4,1.0,0.8,0.9,1.2,0.7,0.9,1.2,0.4,0.2,-0.2,-0.1,1.0,0.6,1.6,0.4,1.0,0.8,0.4,0.2,0.8,0.6,1.24,1.64,2.0,32.0,3.0,1.0,0.6,0.4,0.4,0.8,0.0,0.0,0.0,0.2,0.2,-30.0,1486.32,1479.86,6.46,HomeWin,0
2024-07-28,Aston Villa,West Ham,1.0,0.2,0.8,2.0,1.4,1.0,0.4,1.6,1.1,0.7,1.7,1.2,0.9,1.5,0.3,-0.1,0.1,0.2,1.4,0.6,2.0,1.0,1.0,1.2,0.8,0.0,0.6,0.8,1.32,1.24,3.0,9.0,1.25,-0.25,0.4,-0.4,0.8,0.8,0.0,1.2,-1.2,-0.2,0.8,-6.0,1526.48,1523.68,2.8,Draw,1
2024-07-29,Liverpool,Manchester City,1.4,0.8,0.6,2.2,2.0,0.0,2.0,3.0,0.9,1.0,1.3,1.2,0.8,1.7,0.9,0.5,1.3,0.8,1.4,1.0,1.8,0.8,1.4,1.2,0.2,1.0,1.0,1.0,0.6,0.8,15.0,7.0,1.0,0.0,-0.8,-0.6,-0.8,0.6,1.4,1.2,0.2,0.0,-0.8,8.0,1508.21,1507.56,0.65,HomeWin,0
2024-07-30,West Ham,Brentford,1.4,1.0,0.4,1.6,1.0,1.2,-0.2,1.4,1.1,0.9,1.3,1.1,1.1,1.4,0.3,0.3,0.0,-0.1,1.2,1.0,1.8,0.8,1.8,0.6,0.0,0.2,0.8,0.8,1.48,1.48,2.0,6.0,1.0,0.0,0.2,0.4,0.2,1.2,0.2,0.0,0.2,0.0,-0.2,-4.0,1523.76,1500.24,23.52,HomeWin,0
2024-07-31,Liverpool,Bournemouth,1.6,1.0,0.6,2.2,1.0,2.0,-1.0,0.8,1.1,1.0,1.6,0.9,1.5,0.8,0.6,0.5,0.0,0.1,1.6,1.0,2.2,0.6,1.8,0.4,0.0,0.0,1.0,0.6,1.04,1.84,2.0,8.0,1.6667,0.3333,1.4,0.6,1.0,1.8,-0.4,0.0,-0.4,0.4,0.0,-6.0,1518.19,1445.71,72.48,HomeWin,0
2024-08-01,Wolves,Fulham,1.0,1.2,-0.2,1.0,1.4,1.0,0.4,1.8,1.0,1.2,0.9,1.2,1.0,1.6,0.1,0.0,0.2,0.2,0.6,1.2,0.4,0.8,1.4,0.8,0.2,0.2,0.8,1.0,1.24,1.36,19.0,6.0,0.6667,-0.3333,-0.8,-0.4,-0.2,-0.4,0.0,0.2,-0.2,-0.2,0.0,13.0,1462.08,1506.68,-44.6,Draw,1
2024-08-02,Leicester,Liverpool,0.6,1.2,-0.6,0.8,1.6,1.0,0.6,2.2,0.8,1.3,0.8,1.3,0.9,1.9,0.0,-0.2,0.3,0.3,0.8,0.8,1.2,1.0,0.8,1.6,0.2,0.0,0.6,1.0,1.24,1.04,23.0,2.0,3.0,1.0,-1.4,-1.0,-0.2,-0.4,-0.4,0.4,-0.8,-0.4,0.2,21.0,1471.95,1526.13,-54.18,HomeWin,0
2024-08-03,Chelsea,Leicester,0.6,0.8,-0.2,1.0,0.8,1.2,-0.4,1.2,0.8,1.0,1.1,0.9,1.2,1.1,-0.1,-0.2,0.1,-0.1,1.6,1.0,2.2,0.6,1.4,0.6,0.2,0.2,0.4,0.6,1.2,1.4,10.0,1.0,0.5,-0.5,-0.2,-0.2,0.4,1.6,-0.6,0.0,-0.6,-0.2,0.0,9.0,1492.35,1483.5,8.85,AwayWin,2
2024-08-04,Crystal Palace,Fulham,1.0,1.2,-0.2,1.2,1.2,1.0,0.2,1.4,1.3,1.0,1.8,1.2,1.1,1.4,-0.6,-0.3,0.0,0.0,1.4,0.8,2.0,1.0,1.2,1.0,0.2,0.2,1.0,1.0,1.32,1.12,15.0,3.0,1.0,0.0,-0.2,-0.2,-0.2,1.0,0.0,0.0,0.0,0.0,0.0,12.0,1530.59,1505.4,25.19,AwayWin,2
2024-08-05,Chelsea,Newcastle,0.8,1.2,-0.4,0.8,1.2,0.8,0.4,2.0,0.8,1.1,1.0,1.2,0.8,1.9,-0.2,0.0,0.1,0.0,1.4,1.2,1.6,1.0,0.8,1.6,0.0,0.4,0.6,1.0,1.32,0.72,2.0,15.0,1.0,0.0,-1.2,-0.4,-0.4,0.0,0.0,0.0,0.0,-0.4,-0.4,-13.0,1482.1,1539.22,-57.12,Draw,1
2024-08-06,Southampton,Fulham,1.6,0.6,1.0,2.6,1.2,0.8,0.4,1.8,1.6,0.9,2.0,1.1,1.1,1.4,0.6,0.0,0.4,0.1,1.8,0.8,2.2,1.2,1.0,1.6,0.4,0.4,1.0,1.0,0.8,1.08,41.0,2.0,3.0,1.0,0.8,0.4,0.2,0.6,0.8,0.6,0.2,0.0,0.0,39.0,1568.14,1516.12,52.02,Draw,1
2024-08-07,Everton,Brighton,0.6,1.4,-0.8,0.2,0.6,1.4,-0.8,0.4,1.0,1.5,0.5,0.6,1.0,0.9,-0.3,-0.4,-0.5,0.0,1.0,1.2,1.0,0.6,1.2,0.8,0.0,0.0,0.6,0.6,1.72,1.56,21.0,11.0,1.0,0.0,-0.2,0.0,0.0,0.2,-0.8,-0.8,0.0,0.0,0.0,10.0,1451.56,1470.05,-18.49,HomeWin,0
2024-08-08,Wolves,Everton,1.0,1.0,0.0,1.2,1.0,1.4,-0.4,0.8,1.0,1.2,0.9,1.1,1.4,0.8,0.3,0.0,0.0,-0.1,0.6,1.2,0.4,1.0,1.4,0.6,0.2,0.0,0.8,0.8,1.24,1.6,7.0,1.0,1.0,0.0,0.4,0.0,0.4,-0.2,-0.4,0.0,-0.4,0.0,0.2,6.0,1463.36,1462.09,1.27,Draw,1
2024-08-09,Brentford,Liverpool,1.0,1.0,0.0,1.4,1.4,1.2,0.2,1.6,1.1,1.0,1.4,1.3,1.0,1.8,0.0,-0.1,-0.2,0.1,1.2,0.8,1.6,1.2,1.0,1.6,0.2,0.0,0.8,1.0,1.52,1.04,10.0,7.0,0.0,-2.0,-0.2,-0.4,0.2,0.0,-0.2,0.4,-0.6,-0.2,0.2,3.0,1490.92,1514.58,-23.66,Draw,1
2024-08-10,Manchester City,Liverpool,1.8,0.4,1.4,2.4,1.4,1.2,0.2,1.6,1.3,0.8,1.7,1.3,1.0,1.8,0.7,0.5,-0.2,0.1,1.6,0.2,2.2,1.2,1.2,1.2,0.8,0.0,1.0,1.0,1.0,1.24,12.0,1.0,0.0,-1.0,0.8,0.4,0.8,1.0,0.6,1.0,-0.4,0.0,0.8,11.0,1497.58,1513.9,-16.32,Draw,1
2024-08-11,Crystal Palace,Chelsea,0.8,1.2,-0.4,1.0,0.6,1.2,-0.6,0.4,1.2,1.1,1.5,0.8,1.1,1.0,-0.5,-0.4,-0.6,-0.2,1.0,0.8,1.4,0.4,0.8,0.6,0.2,0.0,0.8,0.6,1.44,1.44,7.0,6.0,1.0,0.0,0.6,0.2,0.0,0.8,-0.4,-0.6,0.2,0.2,0.2,1.0,1519.87,1483.73,36.14,HomeWin,0
2024-08-12,Chelsea,Liverpool,0.8,1.4,-0.6,0.4,1.4,1.2,0.2,1.6,0.9,1.1,1.0,1.4,1.0,1.9,-0.6,-0.1,-0.3,0.0,1.4,1.2,1.6,1.0,1.2,0.8,0.0,0.0,0.8,1.0,1.44,1.68,1.0,2.0,1.0,0.0,-1.2,-0.6,-0.2,0.8,-0.4,0.0,-0.4,-0.2,0.0,-1.0,1474.77,1513.43,-38.66,HomeWin,0
2024-08-13,Nottingham Forest,Crystal Palace,0.8,1.0,-0.2,1.0,1.0,1.4,-0.4,1.0,0.8,1.1,0.9,1.2,1.1,1.5,0.1,0.0,-0.5,-0.2,0.8,0.6,1.6,1.2,1.4,1.2,0.2,0.0,0.8,0.8,1.44,1.28,32.0,2.0,1.0,0.0,0.0,-0.2,0.4,0.4,-0.6,0.0,-0.6,0.0,0.2,30.0,1497.06,1528.83,-31.77,HomeWin,0
2024-08-14,Wolves,Leeds,1.2,1.2,0.0,1.2,1.2,0.8,0.4,2.0,1.1,1.3,0.9,1.0,1.1,1.3,0.3,0.1,0.7,0.2,1.0,1.4,0.6,1.0,1.2,1.4,0.2,0.4,0.8,1.0,1.2,1.04,6.0,25.0,3.0,1.0,-0.8,0.0,-0.4,-0.8,0.4,0.0,0.4,-0.2,-0.2,-19.0,1463.32,1514.8,-51.48,HomeWin,0
2024-08-15,Manchester United,Bournemouth,1.8,1.4,0.4,2.0,1.0,2.0,-1.0,0.8,1.3,1.4,1.4,0.8,1.7,0.5,0.6,0.5,0.3,0.2,1.2,1.2,1.4,0.6,2.0,0.2,0.2,0.0,1.0,0.6,0.84,2.16,20.0,15.0,0.0,-1.0,1.2,0.8,0.6,1.2,-0.2,-0.4,0.2,0.4,0.2,5.0,1505.19,1437.77,67.42,AwayWin,2
2024-08-16,Arsenal,Tottenham,1.2,0.6,0.6,2.0,1.0,1.2,-0.2,1.2,1.0,0.8,1.5,1.0,1.4,1.0,0.5,0.2,0.2,0.0,1.2,0.6,2.0,0.8,2.0,0.2,0.4,0.2,0.8,0.8,1.16,1.6,20.0,26.0,3.0,2.0,0.8,0.2,0.6,1.8,0.0,0.4,-0.4,0.0,0.2,-6.0,1496.13,1482.32,13.81,Draw,1
2024-08-17,Nottingham Forest,West Ham,0.8,0.6,0.2,1.6,1.4,0.8,0.6,2.0,0.8,0.9,1.2,1.2,0.8,1.6,0.4,0.0,0.4,0.2,0.8,0.6,1.6,1.0,1.0,1.2,0.4,0.2,0.8,0.8,1.44,1.6,4.0,18.0,0.0,-1.0,-0.4,-0.6,0.2,0.4,0.0,0.8,-0.8,0.0,0.2,-14.0,1507.97,1533.08,-25.11,Draw,1
2024-08-18,Liverpool,Crystal Palace,1.0,1.2,-0.2,1.0,0.8,1.4,-0.6,0.8,1.3,1.1,1.6,1.0,1.1,1.2,-0.6,-0.3,-0.4,-0.2,1.6,1.0,2.2,1.0,1.4,1.0,0.0,0.0,0.8,0.6,1.16,1.16,6.0,5.0,0.5,-1.0,0.2,0.2,0.2,1.2,-0.4,-0.4,0.0,0.2,0.0,1.0,1502.32,1517.92,-15.6,HomeWin,0
2024-08-19,Leicester,Liverpool,1.0,1.4,-0.4,1.2,1.2,1.4,-0.2,1.0,1.0,1.3,1.1,1.4,1.2,1.6,0.1,0.0,-0.6,-0.2,1.2,1.0,1.6,0.8,1.2,0.6,0.0,0.0,0.6,0.8,1.2,1.16,16.0,1.0,3.0,1.0,0.2,-0.2,0.0,1.0,-0.4,-0.2,-0.2,-0.2,0.0,15.0,1493.75,1512.77,-19.02,HomeWin,0
2024-08-20,Tottenham,Leicester,1.0,1.0,0.0,1.4,1.2,1.0,0.2,1.8,1.0,1.3,1.1,1.0,1.1,1.4,0.3,0.0,0.4,0.2,1.0,1.0,1.4,0.8,1.6,0.6,0.2,0.2,0.8,0.8,1.8,1.12,4.0,1.0,2.0,0.5,-0.4,-0.2,0.0,0.8,0.0,0.2,-0.2,0.0,0.0,3.0,1482.72,1504.3,-21.58,HomeWin,0
2024-08-21,Southampton,Leeds,1.4,0.6,0.8,2.2,0.8,0.8,0.0,1.4,1.6,0.9,2.0,0.9,1.1,1.2,0.2,-0.2,0.2,-0.1,1.8,0.8,2.2,0.8,1.2,1.2,0.4,0.4,1.0,0.8,0.96,0.92,15.0,7.0,1.0,0.0,0.8,0.6,0.2,1.0,0.6,0.2,0.4,0.2,0.0,8.0,1566.65,1503.33,63.32,Draw,1
2024-08-22,Liverpool,Nottingham Forest,1.0,1.2,-0.2,1.0,0.8,0.6,0.2,1.6,1.2,1.2,1.3,0.8,0.9,1.2,-0.3,-0.2,0.4,0.0,2.0,1.2,2.6,1.0,2.0,0.0,0.0,0.4,0.6,0.8,1.24,1.56,3.0,5.0,1.0,0.0,-0.6,0.2,-0.6,2.6,0.4,-0.4,0.8,-0.2,-0.4,-2.0,1502.22,1508.69,-6.47,Draw,1
2024-08-23,Liverpool,Manchester United,1.2,1.4,-0.2,1.0,1.8,1.8,0.0,1.4,1.3,1.3,1.3,1.3,1.4,1.4,-0.3,-0.1,0.0,0.5,2.2,1.4,2.6,1.8,1.4,2.0,0.0,0.0,0.6,1.0,1.28,0.8,1.0,8.0,1.5,-0.5,-0.4,-0.6,0.4,0.6,-0.6,0.4,-1.0,-0.4,0.0,-7.0,1502.41,1493.27,9.14,HomeWin,0
2024-08-24,Leicester,Manchester United,1.0,0.8,0.2,1.8,1.6,2.0,-0.4,0.8,0.9,1.0,1.4,1.4,1.4,1.4,0.4,0.1,-0.6,0.2,1.2,0.8,2.0,1.8,1.8,1.4,0.2,0.0,0.6,1.0,1.16,0.8,4.0,1.0,1.0,0.0,1.0,-0.6,1.2,0.6,-1.0,0.8,-1.8,-0.4,0.2,3.0,1493.68,1483.53,10.15,HomeWin,0
2024-08-25,Chelsea,Manchester City,0.8,1.2,-0.4,0.8,1.8,0.6,1.2,2.0,0.8,1.0,1.0,1.4,0.9,1.7,-0.2,0.0,0.3,0.4,1.4,1.0,2.0,1.0,1.4,1.2,0.2,0.6,0.8,1.0,1.36,1.04,13.0,15.0,1.0,0.0,-1.2,-1.0,-0.6,0.8,0.2,0.6,-0.4,-0.2,-0.4,-2.0,1485.88,1498.05,-12.17,AwayWin,2
2024-08-26,Aston Villa,Leicester,0.8,0.4,0.4,1.6,1.6,0.6,1.0,2.4,1.0,0.7,1.5,1.1,0.9,1.6,0.1,-0.2,0.8,0.5,1.2,0.4,2.0,0.6,1.4,0.6,0.6,0.4,0.6,0.8,1.36,1.28,29.0,2.0,1.5,0.0,-0.8,-0.8,0.2,1.4,0.2,1.2,-1.0,-0.2,0.2,27.0,1526.4,1503.39,23.01,Draw,1
2024-08-27,Brighton,Manchester United,0.6,1.6,-1.0,0.2,1.2,2.4,-1.2,0.2,0.6,1.2,0.6,1.2,1.6,1.1,-0.4,0.0,-0.9,0.0,0.6,0.8,1.0,1.4,2.2,0.8,0.0,0.0,0.6,0.8,1.32,1.08,20.0,3.0,1.5,0.0,0.0,-0.6,0.8,0.2,-1.8,-0.4,-1.4,-0.2,0.0,17.0,1459.52,1473.82,-14.3,Draw,1
2024-08-28,Leeds,Nottingham Forest,0.8,0.6,0.2,1.6,1.0,0.8,0.2,1.6,1.0,1.0,1.3,1.0,1.0,1.3,0.3,-0.2,0.3,0.0,1.0,1.0,1.2,1.25,2.0,0.25,0.4,0.4,0.8,0.8,1.2,1.28,7.0,6.0,1.5,-0.5,0.0,-0.2,0.2,0.95,0.0,0.4,-0.4,0.0,0.0,1.0,1505.13,1508.5,-3.37,HomeWin,0
2024-08-29,Arsenal,Liverpool,1.2,0.6,0.6,2.0,1.4,1.4,0.0,1.4,1.0,0.7,1.6,1.4,1.3,1.5,0.4,0.2,-0.1,0.0,1.4,0.6,2.2,0.6,1.2,0.4,0.4,0.0,0.8,0.6,1.08,1.08,13.0,6.0,3.0,1.0,0.6,-0.2,0.8,1.8,-0.2,0.8,-1.0,0.2,0.4,7.0,1495.73,1512.15,-16.42,Draw,1
2024-08-30,Leeds,Brentford,1.0,0.8,0.2,1.6,0.8,1.0,-0.2,1.0,1.1,1.0,1.5,1.0,1.1,1.2,0.1,-0.1,-0.2,-0.2,1.2,1.0,1.6,0.6,1.6,0.6,0.2,0.2,0.8,0.8,1.36,1.32,2.0,21.0,0.0,-1.0,0.6,0.2,0.2,1.0,0.0,0.0,0.0,0.0,0.0,-19.0,1515.23,1491.6,23.63,HomeWin,0
2024-08-31,Aston Villa,Wolves,1.0,0.4,0.6,1.8,1.4,1.2,0.2,1.6,1.0,0.6,1.6,1.0,1.1,1.1,0.2,0.0,0.5,0.4,1.0,0.6,1.6,1.4,1.2,1.4,0.6,0.2,0.8,1.0,1.64,1.36,5.0,17.0,1.0,0.0,0.2,-0.4,0.8,0.2,-0.2,1.0,-1.2,-0.2,0.4,-12.0,1525.74,1474.79,50.95,Draw,1
2024-09-01,Fulham,Crystal Palace,1.2,0.8,0.4,1.8,1.0,1.4,-0.4,0.8,1.1,1.0,1.5,1.0,1.4,0.9,0.3,0.1,-0.1,0.0,1.0,1.2,1.2,1.0,1.8,0.4,0.4,0.0,1.0,0.6,1.48,1.12,26.0,14.0,2.0,0.5,1.0,0.2,0.6,0.8,-0.2,0.2,-0.4,0.4,0.4,12.0,1517.61,1507.47,10.14,Draw,1
2024-09-02,Wolves,Manchester United,1.0,1.0,0.0,1.2,1.0,2.0,-1.0,0.4,0.9,1.0,1.1,1.2,1.5,1.2,0.1,0.1,-0.8,-0.2,1.0,1.0,1.2,1.2,2.2,0.4,0.4,0.0,0.8,0.8,1.56,1.08,2.0,6.0,0.0,-1.0,0.8,0.0,1.0,0.8,-1.0,0.0,-1.0,0.0,0.4,-4.0,1476.25,1473.41,2.84,HomeWin,0
2024-09-03,Manchester City,Brighton,1.8,0.6,1.2,2.0,0.8,1.4,-0.6,0.4,1.5,0.7,2.0,0.6,1.2,0.6,0.0,0.3,-0.2,0.2,1.8,0.4,2.2,0.6,1.4,0.6,0.6,0.0,1.0,0.8,1.0,0.92,9.0,7.0,1.0,0.0,1.6,1.0,0.8,1.6,0.4,0.2,0.2,0.2,0.6,2.0,1507.7,1459.93,47.77,Draw,1
2024-09-04,Tottenham,Everton,1.0,0.6,0.4,2.0,1.4,1.6,-0.2,1.0,0.9,1.3,1.1,1.1,1.4,0.8,0.9,0.1,0.2,0.3,1.0,0.8,1.8,1.2,1.6,0.6,0.4,0.0,0.8,1.0,1.84,1.56,15.0,27.0,1.5,0.25,1.0,-0.4,1.0,1.2,-0.6,0.8,-1.4,-0.2,0.4,-12.0,1493.34,1462.13,31.21,HomeWin,0
2024-09-05,Bournemouth,Crystal Palace,1.2,2.0,-0.8,1.2,1.2,1.6,-0.4,0.8,0.9,1.7,0.7,1.1,1.4,1.0,0.5,0.3,-0.2,0.1,1.2,1.6,0.8,1.2,2.0,0.4,0.0,0.0,0.6,0.6,2.16,1.12,21.0,4.0,1.0,0.0,0.4,0.0,-0.4,0.4,-0.4,-0.8,0.4,0.0,0.0,17.0,1449.69,1507.76,-58.07,AwayWin,2
2024-09-06,Newcastle,Leeds,1.2,0.8,0.4,2.0,1.2,1.0,0.2,1.6,1.2,0.8,1.9,1.1,0.9,1.7,0.1,0.0,-0.1,0.1,1.6,0.6,2.6,1.0,1.0,1.4,0.4,0.0,1.0,0.8,0.72,1.4,32.0,7.0,2.0,0.5,0.4,0.0,0.2,1.2,0.2,0.4,-0.2,0.2,0.4,25.0,1537.59,1524.55,13.04,Draw,1
2024-09-07,Fulham,West Ham,1.4,1.2,0.2,1.4,1.6,0.8,0.8,2.2,1.2,1.1,1.5,1.3,0.8,1.7,-0.1,0.2,0.5,0.3,1.2,1.4,1.2,1.0,1.0,1.2,0.2,0.2,1.0,1.0,1.52,1.52,6.0,21.0,0.0,-2.0,-0.8,-0.2,-0.4,0.0,0.6,0.4,0.2,0.0,0.0,-15.0,1517.32,1532.36,-15.04,AwayWin,2
2024-09-08,Leicester,Chelsea,1.4,0.6,0.8,2.0,0.8,1.4,-0.6,0.8,1.1,0.9,1.6,0.7,1.1,0.9,0.4,0.3,-0.1,0.1,1.6,0.6,2.4,0.4,1.0,0.4,0.4,0.2,0.8,0.8,1.16,1.56,13.0,14.0,2.3333,0.6667,1.2,0.6,0.8,2.0,0.0,0.2,-0.2,0.0,0.2,-1.0,1504.05,1476.23,27.82,Draw,1
2024-09-09,Liverpool,Wolves,1.6,1.4,0.2,1.6,1.0,0.6,0.4,1.8,1.3,1.3,1.3,1.0,0.9,1.4,0.3,0.3,0.4,0.0,2.2,1.4,2.6,1.2,1.0,1.4,0.0,0.6,0.8,0.8,1.4,1.36,11.0,7.0,2.0,0.5,-0.2,0.6,-0.8,1.2,1.0,-0.4,1.4,0.0,-0.6,4.0,1511.68,1486.17,25.51,Draw,1
2024-09-10,Manchester City,Wolves,1.4,0.8,0.6,1.6,1.0,0.6,0.4,1.8,1.6,0.5,2.1,1.0,0.8,1.5,-0.5,-0.2,0.3,0.0,1.8,0.4,2.2,1.2,1.0,1.4,0.4,0.6,1.0,0.8,1.04,1.32,7.0,1.0,1.0,0.0,-0.2,0.4,-0.2,0.8,0.8,0.2,0.6,0.2,-0.2,6.0,1506.33,1486.9,19.43,Draw,1
2024-09-11,Manchester United,Newcastle,0.6,1.8,-1.2,0.2,1.2,1.0,0.2,1.6,1.2,1.6,1.1,1.2,0.8,1.9,-0.9,-0.6,-0.3,0.0,1.0,1.4,0.8,1.0,0.8,1.6,0.0,0.2,0.6,1.0,1.0,0.84,9.0,5.0,1.0,0.0,-1.4,-0.6,-0.8,-0.8,-0.4,-0.6,0.2,-0.4,-0.2,4.0,1463.49,1537.21,-73.72,Draw,1
2024-09-12,Bournemouth,Crystal Palace,1.4,1.8,-0.4,1.2,1.6,1.6,0.0,1.4,1.0,1.8,0.7,1.2,1.4,1.2,0.5,0.4,0.2,0.4,1.2,1.6,0.8,1.4,1.6,1.0,0.0,0.0,0.8,0.8,1.92,1.08,7.0,7.0,0.5,-0.5,-0.2,-0.2,-0.2,-0.2,-0.2,-0.2,-0.0,0.0,0.0,0.0,1441.35,1516.1,-74.75,AwayWin,2
2024-09-13,Everton,Tottenham,1.2,1.4,-0.2,1.0,1.0,0.6,0.4,2.0,1.0,1.4,0.7,0.9,1.2,1.3,0.3,0.2,0.7,0.1,1.2,1.4,1.0,0.8,2.0,0.2,0.0,0.4,0.8,0.8,1.52,1.84,9.0,9.0,1.2,-0.4,-1.0,0.2,-0.8,0.8,0.6,-0.4,1.0,0.0,-0.4,0.0,1453.03,1502.44,-49.41,Draw,1
2024-09-14,Fulham,Leeds,1.2,1.2,0.0,1.2,1.2,1.0,0.2,1.6,1.3,1.1,1.5,1.2,0.9,1.8,-0.3,-0.1,-0.2,0.0,1.4,1.4,1.2,0.8,1.0,1.0,0.2,0.0,1.0,0.8,1.56,1.6,7.0,8.0,1.0,0.0,-0.4,0.0,-0.2,0.2,0.2,0.0,0.2,0.2,0.2,-1.0,1507.75,1524.93,-17.18,Draw,1
2024-09-15,Brentford,Leeds,0.8,1.0,-0.2,1.0,1.4,1.0,0.4,1.8,0.8,1.3,0.9,1.1,0.9,1.6,0.1,0.0,0.2,0.3,0.8,1.0,1.2,0.8,0.8,1.2,0.2,0.0,0.8,1.0,1.4,1.6,16.0,1.0,1.5,0.0,-0.8,-0.6,0.0,0.0,-0.2,0.4,-0.6,-0.2,0.2,15.0,1482.28,1524.44,-42.16,HomeWin,0
2024-09-16,Leeds,Nottingham Forest,1.4,1.2,0.2,1.6,1.0,1.2,-0.2,1.0,1.1,0.9,1.6,1.0,1.2,1.0,0.0,0.3,0.0,0.0,1.2,0.8,2.0,1.2,2.0,0.2,0.0,0.2,1.0,0.8,1.36,1.28,1.0,19.0,2.0,0.0,0.6,0.4,0.0,1.8,0.2,-0.2,0.4,0.2,-0.2,-18.0,1513.23,1498.4,14.83,HomeWin,0
2024-09-17,Nottingham Forest,Wolves,1.0,1.4,-0.4,1.0,0.8,0.4,0.4,1.8,0.9,1.2,1.0,1.0,0.8,1.5,0.0,0.1,0.3,-0.2,0.8,0.6,1.6,1.0,0.8,1.4,0.2,0.6,0.8,0.8,1.44,1.48,1.0,7.0,1.0,0.0,-0.8,0.2,-1.0,0.2,0.6,-0.6,1.2,0.0,-0.4,-6.0,1488.83,1487.46,1.37,Draw,1
2024-09-18,Everton,Brentford,1.2,1.4,-0.2,1.0,1.0,1.0,0.0,1.4,0.9,1.3,0.7,1.0,1.2,1.2,0.3,0.3,0.2,0.0,1.0,1.2,1.0,0.8,1.6,0.6,0.0,0.2,0.8,0.8,1.52,1.56,5.0,3.0,1.0,0.0,-0.4,0.2,-0.4,0.4,0.2,-0.4,0.6,0.0,-0.2,2.0,1454.44,1493.49,-39.05,Draw,1
2024-09-19,Fulham,Chelsea,1.2,1.2,0.0,1.2,0.8,1.2,-0.4,1.0,1.2,1.1,1.3,0.8,1.2,0.9,-0.1,0.0,0.1,0.0,1.4,1.4,1.2,0.6,1.2,0.4,0.2,0.2,1.0,0.8,1.68,1.72,5.0,11.0,1.0,0.0,0.2,0.4,0.0,0.8,0.0,-0.4,0.4,0.2,0.0,-6.0,1508.24,1477.03,31.21,Draw,1
2024-09-20,Tottenham,Crystal Palace,1.2,0.6,0.6,2.2,1.6,1.4,0.2,1.4,0.9,1.0,1.4,1.3,1.4,1.2,0.8,0.3,0.2,0.3,1.0,0.4,2.4,1.6,1.4,1.4,0.4,0.2,1.0,0.8,1.6,1.24,7.0,8.0,1.0,0.0,0.8,-0.4,0.8,1.0,-0.2,1.0,-1.2,0.2,0.2,-1.0,1501.03,1523.98,-22.95,Draw,1
2024-09-21,Brighton,Fulham,1.0,1.4,-0.4,0.6,1.2,1.4,-0.2,0.8,0.7,1.2,0.7,1.2,1.1,1.3,-0.1,0.3,-0.5,0.0,0.6,1.0,0.6,1.2,0.8,1.8,0.0,0.0,1.0,1.0,1.08,1.64,18.0,2.0,1.0,0.0,-0.2,-0.2,0.0,-1.2,-0.4,-0.2,-0.2,0.0,0.0,16.0,1461.3,1507.34,-46.04,HomeWin,0
2024-09-22,West Ham,Newcastle,1.6,0.8,0.8,2.2,1.0,1.0,0.0,1.2,1.3,0.9,1.7,1.2,0.9,1.7,0.5,0.3,-0.5,-0.2,1.2,1.0,1.8,1.0,0.8,1.6,0.2,0.2,1.0,1.0,1.6,0.76,15.0,11.0,1.0,0.0,1.0,0.6,0.2,0.2,0.6,0.2,0.4,0.0,0.0,4.0,1541.93,1535.12,6.81,HomeWin,0
2024-09-23,Brighton,West Ham,1.2,1.2,0.0,1.0,1.4,0.8,0.6,2.2,0.9,1.1,1.0,1.4,0.9,1.9,0.0,0.3,0.3,0.0,1.0,0.8,1.2,1.2,1.0,1.6,0.2,0.2,1.0,1.0,0.96,1.52,2.0,1.0,1.0,0.0,-1.2,-0.2,-0.4,-0.4,0.4,0.2,0.2,0.0,0.0,1.0,1472.62,1551.73,-79.11,Draw,1
2024-09-24,Manchester United,West Ham,0.6,1.6,-1.0,0.4,1.6,1.0,0.6,2.2,1.2,1.7,0.9,1.5,1.0,1.9,-0.5,-0.6,0.3,0.1,1.0,1.2,1.0,1.6,1.2,1.8,0.0,0.2,0.6,1.0,1.16,1.32,13.0,1.0,1.0,0.0,-1.8,-1.0,-0.6,-0.8,-0.4,0.0,-0.4,-0.4,-0.2,12.0,1465.58,1549.49,-83.91,AwayWin,2
2024-09-25,Brighton,Fulham,1.4,1.2,0.2,1.2,1.0,1.6,-0.6,0.6,1.0,1.3,0.8,1.1,1.2,1.2,0.4,0.4,-0.6,-0.1,1.2,1.0,1.2,0.8,1.0,1.2,0.2,0.0,1.0,0.8,1.08,1.24,2.0,4.0,3.0,2.0,0.6,0.4,0.4,0.0,-0.2,-0.2,-0.0,0.2,0.2,-2.0,1474.86,1496.02,-21.16,HomeWin,0
2024-09-26,Leeds,Aston Villa,1.4,1.0,0.4,1.6,0.6,0.4,0.2,1.4,1.2,0.9,1.6,0.9,0.6,1.4,0.0,0.2,0.0,-0.3,1.6,0.6,2.6,0.2,0.8,0.8,0.2,0.6,1.0,0.6,1.24,1.68,10.0,26.0,1.0,0.0,0.2,0.8,-0.6,1.8,1.0,-0.4,1.4,0.4,-0.4,-16.0,1522.8,1524.28,-1.48,HomeWin,0
2024-09-27,Chelsea,Manchester City,0.8,1.2,-0.4,1.0,1.2,1.0,0.2,1.2,0.7,1.2,0.7,1.6,0.5,2.1,0.3,0.1,-0.9,-0.4,1.0,1.2,1.4,1.2,1.0,1.8,0.2,0.2,0.8,1.0,1.56,1.36,8.0,17.0,0.5,-1.0,-0.2,-0.4,-0.2,-0.4,-0.2,0.0,-0.2,-0.2,0.0,-9.0,1477.93,1505.77,-27.84,AwayWin,2
2024-09-28,Tottenham,Brentford,1.0,0.6,0.4,1.8,1.0,1.2,-0.2,1.0,1.0,0.9,1.5,1.0,1.2,1.2,0.3,0.0,-0.2,0.0,1.0,0.6,2.0,1.0,1.4,0.8,0.4,0.0,1.0,0.8,1.44,1.52,8.0,10.0,1.75,0.0,0.8,0.0,0.6,1.2,-0.2,0.4,-0.6,0.2,0.4,-2.0,1501.69,1492.37,9.32,HomeWin,0
2024-09-29,West Ham,Everton,1.8,1.0,0.8,2.2,1.2,1.2,0.0,1.2,1.6,0.9,2.1,0.9,1.3,0.7,0.1,0.2,0.5,0.3,1.6,0.8,2.4,0.8,1.4,0.4,0.2,0.0,1.0,0.8,1.12,1.4,5.0,11.0,1.0,0.0,1.0,0.6,0.2,2.0,0.6,0.2,0.4,0.2,0.2,-6.0,1557.12,1455.56,101.56,AwayWin,2
2024-09-30,Chelsea,Tottenham,0.6,1.2,-0.6,1.0,1.2,0.6,0.6,2.2,0.7,1.3,0.7,1.1,0.8,1.8,0.3,-0.1,0.4,0.1,0.6,1.4,0.8,0.8,1.8,0.4,0.2,0.4,0.6,1.0,1.6,1.24,3.0,2.0,3.0,1.0,-1.2,-0.6,-0.6,0.4,0.0,0.0,0.0,-0.4,-0.2,1.0,1468.73,1511.42,-42.69,HomeWin,0
2024-10-01,Wolves,Fulham,0.6,0.4,0.2,1.4,0.6,1.4,-0.8,0.4,1.0,0.8,1.5,1.0,1.3,0.9,-0.1,-0.4,-0.5,-0.4,1.2,1.0,1.6,0.6,1.0,1.0,0.6,0.0,0.6,0.6,1.28,1.32,14.0,6.0,0.75,-0.25,1.0,0.0,1.0,0.6,-0.8,0.2,-1.0,0.0,0.6,8.0,1487.5,1485.41,2.09,HomeWin,0
2024-10-02,Nottingham Forest,Manchester City,0.8,1.4,-0.6,0.6,1.4,0.6,0.8,1.8,0.8,1.0,1.1,1.6,0.5,2.1,-0.5,0.0,-0.3,-0.2,0.6,0.4,1.6,1.6,0.4,2.4,0.2,0.4,0.6,1.0,1.6,1.12,15.0,5.0,2.0,0.5,-1.2,-0.6,-0.8,-0.8,0.2,0.0,0.2,-0.4,-0.2,10.0,1488.79,1514.97,-26.18,HomeWin,0
2024-10-03,Bournemouth,Fulham,1.4,1.8,-0.4,1.2,0.4,1.2,-0.8,0.4,0.9,1.8,0.7,0.8,1.2,0.8,0.5,0.5,-0.4,-0.4,1.2,1.8,0.8,0.4,1.0,0.8,0.0,0.0,0.8,0.4,1.68,1.16,21.0,2.0,1.0,0.0,0.8,1.0,-0.6,0.0,0.2,-1.4,1.6,0.4,0.0,19.0,1433.47,1475.47,-42.0,HomeWin,0
2024-10-04,Crystal Palace,Brighton,1.8,1.4,0.4,1.6,1.4,0.8,0.6,1.8,1.3,1.4,1.2,1.0,1.2,1.0,0.4,0.5,0.8,0.4,1.0,1.0,1.4,0.8,1.4,0.8,0.2,0.4,1.0,1.0,1.48,1.16,14.0,9.0,0.5,-0.5,-0.2,0.4,-0.6,0.6,1.0,0.0,1.0,0.0,-0.2,5.0,1523.32,1485.47,37.85,HomeWin,0
2024-10-05,Newcastle,Tottenham,1.0,1.4,-0.4,0.6,1.0,1.0,0.0,1.6,1.1,1.0,1.4,1.0,0.8,1.8,-0.8,-0.1,-0.2,0.0,1.6,0.6,2.6,0.6,1.6,0.4,0.0,0.2,1.0,0.8,1.08,1.08,13.0,5.0,1.5,0.0,-1.0,0.0,-0.4,2.2,0.0,-0.4,0.4,0.2,-0.2,8.0,1525.32,1500.2,25.12,Draw,1
2024-10-06,Manchester City,Tottenham,1.4,0.8,0.6,1.6,1.0,1.2,-0.2,1.2,1.6,0.7,1.8,1.0,0.9,1.6,-0.2,-0.2,-0.4,0.0,1.6,0.6,1.8,0.8,1.4,0.6,0.4,0.0,1.0,0.8,0.92,1.0,4.0,1.0,1.0,0.0,0.4,0.4,0.4,1.2,0.2,0.2,0.0,0.2,0.4,3.0,1504.22,1500.92,3.3,HomeWin,0
2024-10-07,Wolves,Aston Villa,0.8,0.4,0.4,1.8,0.8,0.8,0.0,1.2,0.9,0.7,1.5,0.8,0.6,1.3,0.3,-0.1,-0.1,0.0,1.2,0.6,2.2,0.4,0.8,0.8,0.6,0.4,0.8,0.8,1.0,1.76,6.0,11.0,1.0,0.0,0.6,0.0,0.4,1.4,0.0,0.4,-0.4,0.0,0.2,-5.0,1497.44,1514.24,-16.8,Draw,1
2024-10-08,Leicester,Aston Villa,1.2,0.6,0.6,1.6,0.8,1.0,-0.2,0.8,1.1,1.0,1.4,0.9,0.6,1.4,0.2,0.1,-0.6,-0.1,1.6,0.8,2.0,0.6,0.8,1.0,0.4,0.2,0.8,0.8,1.12,1.8,30.0,1.0,1.3333,0.0,0.8,0.4,0.4,1.0,0.2,0.2,-0.0,0.0,0.2,29.0,1503.25,1513.76,-10.51,HomeWin,0
2024-10-09,Bournemouth,West Ham,1.2,1.4,-0.2,1.2,1.8,1.2,0.6,2.0,1.1,1.7,1.0,1.7,1.0,2.1,0.2,0.1,-0.1,0.1,1.4,1.4,1.4,1.6,1.0,1.8,0.2,0.2,0.8,1.0,1.36,1.04,6.0,10.0,0.0,-1.0,-0.8,-0.6,-0.2,-0.4,0.0,0.4,-0.4,-0.2,0.0,-4.0,1444.67,1544.28,-99.61,AwayWin,2
2024-10-10,Fulham,Manchester United,0.2,1.4,-1.2,0.2,0.4,1.6,-1.2,0.4,0.7,1.3,0.7,1.0,1.8,0.6,-0.5,-0.5,-0.2,-0.6,1.4,1.6,0.8,0.8,1.8,0.4,0.0,0.0,0.2,0.4,1.08,1.4,7.0,16.0,0.5,-0.5,-0.2,-0.2,0.2,0.4,-1.4,-1.0,-0.4,-0.2,0.0,-9.0,1464.27,1457.95,6.32,AwayWin,2
2024-10-11,Fulham,Southampton,0.2,1.6,-1.4,0.0,1.4,0.8,0.6,1.8,0.7,1.5,0.4,1.6,0.9,2.0,-0.4,-0.5,-0.2,-0.2,1.2,1.6,0.6,1.4,1.0,1.8,0.0,0.2,0.2,1.0,0.96,1.08,1.0,51.0,0.5,-0.5,-1.8,-1.2,-0.8,-1.2,-0.6,-0.2,-0.4,-0.8,-0.2,-50.0,1454.09,1564.85,-110.76,Draw,1
2024-10-12,Bournemouth,Crystal Palace,1.2,1.4,-0.2,1.2,1.6,0.8,0.8,2.2,1.1,1.7,1.0,1.3,1.1,1.5,0.2,0.1,0.7,0.3,1.4,1.6,1.2,1.8,1.4,1.6,0.2,0.4,0.8,1.0,1.32,1.64,3.0,8.0,0.3333,-1.0,-1.0,-0.4,-0.6,-0.4,0.4,0.2,0.2,-0.2,-0.2,-5.0,1437.46,1532.23,-94.77,HomeWin,0
2024-10-13,Southampton,Bournemouth,1.4,1.2,0.2,1.4,1.2,1.2,0.0,1.2,1.7,1.0,2.0,1.2,1.6,1.2,-0.6,-0.3,0.0,0.0,1.8,0.8,2.2,0.8,1.8,0.8,0.0,0.4,1.0,0.8,0.88,1.36,2.0,1.0,3.0,1.0,0.2,0.2,0.0,1.4,0.2,0.0,0.2,0.2,-0.4,1.0,1561.77,1450.12,111.65,AwayWin,2
2024-10-14,Leeds,Fulham,1.4,1.0,0.4,1.6,0.6,1.6,-1.0,0.2,1.3,1.0,1.6,0.8,1.6,0.4,0.0,0.1,-0.2,-0.2,1.8,0.8,2.6,0.2,1.4,0.2,0.2,0.0,1.0,0.4,1.32,1.2,18.0,3.0,1.0,0.0,1.4,0.8,0.6,2.4,-0.2,-0.4,0.2,0.6,0.2,15.0,1532.84,1457.17,75.67,HomeWin,0
2024-10-15,Bournemouth,Brentford,1.4,1.0,0.4,1.8,1.2,1.4,-0.2,1.0,1.4,1.4,1.5,1.1,1.2,1.2,0.3,0.0,-0.2,0.1,1.2,1.2,1.2,0.8,1.6,0.2,0.4,0.0,0.8,1.0,1.48,1.56,2.0,17.0,1.0,0.0,0.8,0.2,0.4,1.0,0.0,0.2,-0.2,-0.2,0.4,-15.0,1463.23,1482.64,-19.41,HomeWin,0
2024-10-16,Arsenal,Newcastle,1.2,0.8,0.4,1.6,1.0,1.2,-0.2,0.8,1.0,0.7,1.6,1.1,1.0,1.4,0.0,0.2,-0.6,-0.1,1.4,0.8,1.8,1.0,1.2,1.0,0.2,0.0,0.8,1.0,1.2,1.28,48.0,11.0,1.0,0.0,0.8,0.2,0.4,0.8,0.0,0.2,-0.2,-0.2,0.2,37.0,1496.2,1524.6,-28.4,HomeWin,0
2024-10-17,Chelsea,Liverpool,0.8,1.2,-0.4,1.0,1.2,1.2,0.0,1.2,0.8,1.2,0.9,1.2,1.3,1.1,0.1,0.0,0.1,0.0,0.8,1.0,1.4,0.6,1.0,0.6,0.2,0.0,0.6,0.8,1.72,1.6,17.0,38.0,2.0,0.5,-0.2,-0.4,0.0,0.8,-0.4,0.0,-0.4,-0.2,0.2,-21.0,1479.95,1510.95,-31.0,Draw,1
2024-10-18,Brentford,Leicester,1.2,1.6,-0.4,0.8,1.2,0.6,0.6,1.6,1.0,1.3,0.9,1.2,0.8,1.7,-0.1,0.2,-0.1,0.0,1.2,0.8,1.8,0.6,1.2,0.8,0.0,0.4,1.0,0.8,1.6,1.08,3.0,10.0,3.0,2.0,-0.8,0.0,-1.0,1.0,0.6,-0.4,1.0,0.2,-0.4,-7.0,1472.08,1513.55,-41.47,Draw,1
2024-10-19,Wolves,Liverpool,0.8,0.6,0.2,1.4,1.4,1.2,0.2,1.4,0.9,0.6,1.6,1.2,1.2,1.2,-0.2,-0.1,0.2,0.2,1.2,0.6,2.2,0.6,1.0,0.6,0.4,0.0,0.8,1.0,1.16,1.56,12.0,2.0,0.6667,-0.3333,0.0,-0.6,0.6,1.6,-0.4,0.8,-1.2,-0.2,0.4,10.0,1497.92,1510.06,-12.14,Draw,1
2024-10-20,Southampton,Wolves,1.4,1.4,0.0,1.2,0.8,0.6,0.2,1.4,1.6,1.0,1.9,0.9,0.6,1.6,-0.7,-0.2,-0.2,-0.1,1.4,1.0,1.6,0.8,0.6,1.4,0.0,0.4,1.0,0.8,1.08,1.12,7.0,1.0,3.0,1.0,-0.2,0.6,-0.8,0.2,0.8,-0.6,1.4,0.2,-0.4,6.0,1548.66,1498.27,50.39,Draw,1
2024-10-21,Arsenal,West Ham,1.0,0.8,0.2,1.6,1.8,1.2,0.6,2.0,1.0,0.7,1.6,1.7,1.0,2.1,0.0,0.0,-0.1,0.1,1.4,0.6,2.2,1.8,1.0,2.2,0.2,0.2,0.8,1.0,1.16,1.0,5.0,12.0,1.0,0.0,-0.4,-0.8,0.4,0.0,-0.2,1.0,-1.2,-0.2,0.0,-7.0,1507.02,1551.49,-44.47,AwayWin,2
2024-10-22,Manchester United,Brighton,0.8,1.2,-0.4,1.0,1.2,0.8,0.4,1.6,1.0,1.8,0.6,1.0,1.1,1.0,0.4,-0.2,0.6,0.2,0.6,1.4,0.4,0.6,1.6,0.2,0.0,0.4,0.6,0.8,1.08,1.44,12.0,18.0,1.3333,0.0,-0.6,-0.4,-0.4,0.2,0.0,0.0,0.0,-0.2,-0.4,-6.0,1468.13,1476.56,-8.43,HomeWin,0
2024-10-23,Brentford,Arsenal,1.4,1.6,-0.2,1.0,1.0,0.8,0.2,1.6,1.1,1.3,1.0,1.0,0.7,1.6,0.0,0.3,0.0,0.0,1.4,1.0,1.8,0.6,0.8,1.0,0.0,0.2,1.0,0.8,1.6,1.28,5.0,2.0,1.0,0.0,-0.6,0.4,-0.8,0.8,0.6,-0.6,1.2,0.2,-0.2,3.0,1473.27,1498.29,-25.02,Draw,1
2024-10-24,Aston Villa,Chelsea,0.6,1.0,-0.4,0.6,1.0,1.0,0.0,1.2,0.7,0.7,1.1,0.9,1.2,1.0,-0.5,-0.1,0.2,0.1,1.0,0.4,1.8,0.8,1.2,0.6,0.2,0.2,0.6,0.8,1.8,1.56,16.0,7.0,3.0,2.0,-0.6,-0.4,0.0,1.2,-0.4,0.0,-0.4,-0.2,0.0,9.0,1503.46,1480.84,22.62,Draw,1
2024-10-25,Chelsea,Manchester United,1.0,1.0,0.0,1.2,1.0,1.0,0.0,1.4,0.9,1.1,1.1,1.0,1.5,0.9,0.1,0.1,0.5,0.0,0.8,1.0,1.4,0.8,1.6,0.8,0.2,0.2,0.8,0.6,1.28,1.36,1.0,3.0,1.0,0.0,-0.2,0.0,0.0,0.6,0.0,0.0,0.0,0.2,0.0,-2.0,1481.49,1478.37,3.12,Draw,1
2024-10-26,Everton,Aston Villa,1.2,1.2,0.0,1.2,0.6,1.0,-0.4,0.6,1.1,1.3,1.0,0.8,0.7,1.2,0.2,0.1,-0.6,-0.2,1.2,1.2,1.2,0.4,1.0,0.4,0.0,0.2,0.8,0.6,1.76,1.56,27.0,2.0,1.0,0.0,0.6,0.6,-0.2,0.8,0.2,-0.6,0.8,0.2,-0.2,25.0,1468.4,1502.81,-34.41,HomeWin,0
